,AÃ‘O,VUELTA,CODIGO_INEC,CANTON_CODIGO,CANTON_NOMBRE,PROVINCIA_NOMBRE,VOTOS_NULOS_M,VOTOS_NULOS_F,VOTOS_BLANCOS_M,VOTOS_BLANCOS_F,VC_NOBOA_M,VC_NOBOA_F,VC_GUTIERREZ_M,VC_GUTIERREZ_F,VC_BORJA_M,VC_BORJA_F,VC_VELAZQUEZ_M,VC_VELAZQUEZ_F,VC_VARGAS_M,VC_VARGAS_F,VC_HURTADO_M,VC_HURTADO_F,VC_ROLDOS_M,VC_ROLDOS_F,VC_NEIRA_M,VC_NEIRA_F,VC_ALARCON_M,VC_ALARCON_F,VC_JUEZ_M,VC_JUEZ_F,VC_BUCARAM_M,VC_BUCARAM_F,ELECTORES_M,ELECTORAS_F,VOTOS VALIDOS,VOTOS_INVALIDOS
0,2002,2,401,5,TULCAN,CARCHI,1776.0,2137.0,142.0,118.0,8831.0,9683.0,9442.0,8837.0,0.0,0.0,0.0,0.0,0.0,0.0,0.0,0.0,0.0,0.0,0.0,0.0,0.0,0.0,0.0,0.0,0.0,0.0,26308.0,26757.0,36793.0,4173.0
1,2002,2,405,10,MONTUFAR,CARCHI,846.0,987.0,44.0,69.0,2695.0,3062.0,4920.0,4715.0,0.0,0.0,0.0,0.0,0.0,0.0,0.0,0.0,0.0,0.0,0.0,0.0,0.0,0.0,0.0,0.0,0.0,0.0,10646.0,11151.0,15392.0,1946.0
2,2002,2,403,15,ESPEJO,CARCHI,349.0,419.0,21.0,31.0,1250.0,1326.0,2510.0,2478.0,0.0,0.0,0.0,0.0,0.0,0.0,0.0,0.0,0.0,0.0,0.0,0.0,0.0,0.0,0.0,0.0,0.0,0.0,5195.0,5475.0,7564.0,820.0
3,2002,2,404,20,MIRA,CARCHI,344.0,499.0,30.0,26.0,925.0,978.0,2075.0,1827.0,0.0,0.0,0.0,0.0,0.0,0.0,0.0,0.0,0.0,0.0,0.0,0.0,0.0,0.0,0.0,0.0,0.0,0.0,4530.0,4469.0,5805.0,899.0
4,2002,2,402,25,BOLIVAR,CARCHI,362.0,421.0,24.0,42.0,1355.0,1381.0,2217.0,1869.0,0.0,0.0,0.0,0.0,0.0,0.0,0.0,0.0,0.0,0.0,0.0,0.0,0.0,0.0,0.0,0.0,0.0,0.0,5210.0,5034.0,6822.0,849.0
5,2002,2,1001,30,IBARRA,IMBABURA,4568.0,5419.0,257.0,373.0,12571.0,14795.0,20887.0,21167.0,0.0,0.0,0.0,0.0,0.0,0.0,0.0,0.0,0.0,0.0,0.0,0.0,0.0,0.0,0.0,0.0,0.0,0.0,51198.0,55498.0,69420.0,10617.0
6,2002,2,1004,35,OTAVALO,IMBABURA,2464.0,3826.0,214.0,348.0,5542.0,6701.0,11483.0,12054.0,0.0,0.0,0.0,0.0,0.0,0.0,0.0,0.0,0.0,0.0,0.0,0.0,0.0,0.0,0.0,0.0,0.0,0.0,29692.0,32786.0,35780.0,6852.0
7,2002,2,1003,40,COTACACHI,IMBABURA,1204.0,1399.0,83.0,183.0,1934.0,2215.0,5207.0,4432.0,0.0,0.0,0.0,0.0,0.0,0.0,0.0,0.0,0.0,0.0,0.0,0.0,0.0,0.0,0.0,0.0,0.0,0.0,12337.0,12092.0,13788.0,2869.0
8,2002,2,1002,45,ANTONIO ANTE,IMBABURA,1136.0,1476.0,103.0,73.0,2534.0,2947.0,5275.0,5553.0,0.0,0.0,0.0,0.0,0.0,0.0,0.0,0.0,0.0,0.0,0.0,0.0,0.0,0.0,0.0,0.0,0.0,0.0,11694.0,12791.0,16309.0,2788.0
9,2002,2,1005,50,PIMAMPIRO,IMBABURA,501.0,629.0,44.0,46.0,1107.0,1230.0,2608.0,2181.0,0.0,0.0,0.0,0.0,0.0,0.0,0.0,0.0,0.0,0.0,0.0,0.0,0.0,0.0,0.0,0.0,0.0,0.0,5753.0,5560.0,7126.0,1220.0
10,2002,2,1006,55,SAN MIGUEL DE URCUQUI,IMBABURA,530.0,613.0,43.0,71.0,1238.0,1240.0,2278.0,1987.0,0.0,0.0,0.0,0.0,0.0,0.0,0.0,0.0,0.0,0.0,0.0,0.0,0.0,0.0,0.0,0.0,0.0,0.0,5381.0,5322.0,6743.0,1257.0
11,2002,2,1701,60,DISTRITO METROPOLITANO DE QUITO,PICHINCHA,62124.0,76247.0,2247.0,2276.0,93358.0,100960.0,279923.0,295563.0,0.0,0.0,0.0,0.0,0.0,0.0,0.0,0.0,0.0,0.0,0.0,0.0,0.0,0.0,0.0,0.0,0.0,0.0,592922.0,643342.0,769804.0,142894.0
12,2002,2,1702,65,CAYAMBE,PICHINCHA,1648.0,2278.0,143.0,316.0,3142.0,3472.0,10708.0,10769.0,0.0,0.0,0.0,0.0,0.0,0.0,0.0,0.0,0.0,0.0,0.0,0.0,0.0,0.0,0.0,0.0,0.0,0.0,19542.0,20830.0,28091.0,4385.0
13,2002,2,1703,70,MEJIA,PICHINCHA,1390.0,1809.0,95.0,100.0,2730.0,2651.0,10540.0,11095.0,0.0,0.0,0.0,0.0,0.0,0.0,0.0,0.0,0.0,0.0,0.0,0.0,0.0,0.0,0.0,0.0,0.0,0.0,18726.0,19870.0,27016.0,3394.0
14,2002,2,1704,75,PEDRO MONCAYO,PICHINCHA,627.0,684.0,42.0,57.0,971.0,1140.0,3524.0,3702.0,0.0,0.0,0.0,0.0,0.0,0.0,0.0,0.0,0.0,0.0,0.0,0.0,0.0,0.0,0.0,0.0,0.0,0.0,6596.0,7077.0,9337.0,1410.0
15,2002,2,1705,80,RUMINAHUI,PICHINCHA,1978.0,2505.0,89.0,88.0,3870.0,4001.0,10998.0,11138.0,0.0,0.0,0.0,0.0,0.0,0.0,0.0,0.0,0.0,0.0,0.0,0.0,0.0,0.0,0.0,0.0,0.0,0.0,21161.0,22415.0,30007.0,4660.0
16,2002,2,2301,85,SANTO DOMINGO,PICHINCHA,5303.0,6900.0,617.0,572.0,21453.0,22878.0,41235.0,35501.0,0.0,0.0,0.0,0.0,0.0,0.0,0.0,0.0,0.0,0.0,0.0,0.0,0.0,0.0,0.0,0.0,0.0,0.0,100727.0,95013.0,121067.0,13392.0
17,2002,2,1809,90,TISALEO,TUNGURAHUA,218.0,284.0,15.0,13.0,376.0,410.0,2253.0,2244.0,0.0,0.0,0.0,0.0,0.0,0.0,0.0,0.0,0.0,0.0,0.0,0.0,0.0,0.0,0.0,0.0,0.0,0.0,3585.0,3675.0,5283.0,530.0
18,2002,2,903,95,BALAO,GUAYAS,230.0,239.0,35.0,55.0,992.0,1017.0,1984.0,1485.0,0.0,0.0,0.0,0.0,0.0,0.0,0.0,0.0,0.0,0.0,0.0,0.0,0.0,0.0,0.0,0.0,0.0,0.0,4518.0,3728.0,5478.0,559.0
19,2002,2,501,100,LATACUNGA,COTOPAXI,4081.0,5572.0,225.0,488.0,7724.0,8343.0,26617.0,29020.0,0.0,0.0,0.0,0.0,0.0,0.0,0.0,0.0,0.0,0.0,0.0,0.0,0.0,0.0,0.0,0.0,0.0,0.0,48028.0,54340.0,71704.0,10366.0
20,2002,2,504,105,PUJILI,COTOPAXI,1969.0,3108.0,170.0,373.0,1860.0,2242.0,10616.0,10310.0,0.0,0.0,0.0,0.0,0.0,0.0,0.0,0.0,0.0,0.0,0.0,0.0,0.0,0.0,0.0,0.0,0.0,0.0,20450.0,22226.0,25028.0,5620.0
21,2002,2,505,110,SALCEDO,COTOPAXI,1486.0,2099.0,105.0,139.0,2062.0,2474.0,10065.0,10511.0,0.0,0.0,0.0,0.0,0.0,0.0,0.0,0.0,0.0,0.0,0.0,0.0,0.0,0.0,0.0,0.0,0.0,0.0,18194.0,19820.0,25112.0,3829.0
22,2002,2,506,115,SAQUISILI,COTOPAXI,583.0,835.0,26.0,61.0,865.0,956.0,3256.0,3285.0,0.0,0.0,0.0,0.0,0.0,0.0,0.0,0.0,0.0,0.0,0.0,0.0,0.0,0.0,0.0,0.0,0.0,0.0,6138.0,6855.0,8362.0,1505.0
23,2002,2,503,120,PANGUA,COTOPAXI,398.0,494.0,24.0,50.0,833.0,795.0,2678.0,2138.0,0.0,0.0,0.0,0.0,0.0,0.0,0.0,0.0,0.0,0.0,0.0,0.0,0.0,0.0,0.0,0.0,0.0,0.0,5863.0,5223.0,6444.0,966.0
24,2002,2,905,125,COLIMES,GUAYAS,394.0,388.0,66.0,119.0,2101.0,2107.0,1828.0,1131.0,0.0,0.0,0.0,0.0,0.0,0.0,0.0,0.0,0.0,0.0,0.0,0.0,0.0,0.0,0.0,0.0,0.0,0.0,6053.0,4830.0,7167.0,967.0
25,2002,2,1903,130,NANGARITZA,ZAMORA CHINCHIPE,34.0,65.0,6.0,3.0,289.0,262.0,573.0,421.0,0.0,0.0,0.0,0.0,0.0,0.0,0.0,0.0,0.0,0.0,0.0,0.0,0.0,0.0,0.0,0.0,0.0,0.0,1464.0,1166.0,1545.0,108.0
26,2002,2,1801,135,AMBATO,TUNGURAHUA,8477.0,11694.0,479.0,827.0,16250.0,18732.0,48033.0,47788.0,0.0,0.0,0.0,0.0,0.0,0.0,0.0,0.0,0.0,0.0,0.0,0.0,0.0,0.0,0.0,0.0,0.0,0.0,101877.0,108848.0,130803.0,21477.0
27,2002,2,1807,140,SAN PEDRO DE PELILEO,TUNGURAHUA,1308.0,1721.0,93.0,129.0,2723.0,2712.0,9122.0,9114.0,0.0,0.0,0.0,0.0,0.0,0.0,0.0,0.0,0.0,0.0,0.0,0.0,0.0,0.0,0.0,0.0,0.0,0.0,16489.0,17141.0,23671.0,3251.0
28,2002,2,1808,145,SANTIAGO DE PILLARO,TUNGURAHUA,1184.0,1607.0,61.0,136.0,1602.0,1735.0,7775.0,7853.0,0.0,0.0,0.0,0.0,0.0,0.0,0.0,0.0,0.0,0.0,0.0,0.0,0.0,0.0,0.0,0.0,0.0,0.0,13818.0,14525.0,18965.0,2988.0
29,2002,2,1802,150,BANOS DE AGUA SANTA,TUNGURAHUA,508.0,600.0,32.0,45.0,1046.0,1110.0,3492.0,3305.0,0.0,0.0,0.0,0.0,0.0,0.0,0.0,0.0,0.0,0.0,0.0,0.0,0.0,0.0,0.0,0.0,0.0,0.0,6744.0,6467.0,8953.0,1185.0
30,2002,2,1805,155,PATATE,TUNGURAHUA,328.0,397.0,20.0,27.0,687.0,605.0,2159.0,1975.0,0.0,0.0,0.0,0.0,0.0,0.0,0.0,0.0,0.0,0.0,0.0,0.0,0.0,0.0,0.0,0.0,0.0,0.0,4045.0,3827.0,5426.0,772.0
31,2002,2,1806,160,QUERO,TUNGURAHUA,445.0,565.0,24.0,66.0,1112.0,1109.0,3421.0,3175.0,0.0,0.0,0.0,0.0,0.0,0.0,0.0,0.0,0.0,0.0,0.0,0.0,0.0,0.0,0.0,0.0,0.0,0.0,6120.0,6038.0,8817.0,1100.0
32,2002,2,201,165,GUARANDA,BOLIVAR,2814.0,4098.0,164.0,339.0,4063.0,4817.0,13015.0,11159.0,0.0,0.0,0.0,0.0,0.0,0.0,0.0,0.0,0.0,0.0,0.0,0.0,0.0,0.0,0.0,0.0,0.0,0.0,28519.0,30690.0,33054.0,7415.0
33,2002,2,203,170,CHIMBO,BOLIVAR,423.0,572.0,25.0,35.0,1104.0,1215.0,2437.0,2108.0,0.0,0.0,0.0,0.0,0.0,0.0,0.0,0.0,0.0,0.0,0.0,0.0,0.0,0.0,0.0,0.0,0.0,0.0,5928.0,6153.0,6864.0,1055.0
34,2002,2,205,175,SAN MIGUEL,BOLIVAR,710.0,885.0,36.0,63.0,1452.0,1605.0,5054.0,4880.0,0.0,0.0,0.0,0.0,0.0,0.0,0.0,0.0,0.0,0.0,0.0,0.0,0.0,0.0,0.0,0.0,0.0,0.0,10638.0,11081.0,12991.0,1694.0
35,2002,2,202,180,CHILLANES,BOLIVAR,354.0,581.0,40.0,58.0,887.0,1000.0,3304.0,2795.0,0.0,0.0,0.0,0.0,0.0,0.0,0.0,0.0,0.0,0.0,0.0,0.0,0.0,0.0,0.0,0.0,0.0,0.0,6489.0,6342.0,7986.0,1033.0
36,2002,2,204,185,ECHEANDIA,BOLIVAR,247.0,323.0,21.0,34.0,1110.0,1125.0,2362.0,1782.0,0.0,0.0,0.0,0.0,0.0,0.0,0.0,0.0,0.0,0.0,0.0,0.0,0.0,0.0,0.0,0.0,0.0,0.0,4856.0,4432.0,6379.0,625.0
37,2002,2,604,190,CHAMBO,CHIMBORAZO,259.0,394.0,19.0,46.0,548.0,615.0,1784.0,1836.0,0.0,0.0,0.0,0.0,0.0,0.0,0.0,0.0,0.0,0.0,0.0,0.0,0.0,0.0,0.0,0.0,0.0,0.0,3639.0,3952.0,4783.0,718.0
38,2002,2,601,195,RIOBAMBA,CHIMBORAZO,6977.0,9074.0,1166.0,941.0,7604.0,9466.0,30945.0,34997.0,0.0,0.0,0.0,0.0,0.0,0.0,0.0,0.0,0.0,0.0,0.0,0.0,0.0,0.0,0.0,0.0,0.0,0.0,66417.0,75958.0,83012.0,18158.0
39,2002,2,607,200,GUANO,CHIMBORAZO,973.0,1306.0,59.0,133.0,1463.0,1643.0,6442.0,6916.0,0.0,0.0,0.0,0.0,0.0,0.0,0.0,0.0,0.0,0.0,0.0,0.0,0.0,0.0,0.0,0.0,0.0,0.0,12787.0,14515.0,16464.0,2471.0
40,2002,2,603,205,COLTA,CHIMBORAZO,1543.0,2634.0,108.0,258.0,2490.0,2588.0,8885.0,7390.0,0.0,0.0,0.0,0.0,0.0,0.0,0.0,0.0,0.0,0.0,0.0,0.0,0.0,0.0,0.0,0.0,0.0,0.0,18870.0,19781.0,21353.0,4543.0
41,2002,2,606,210,GUAMOTE,CHIMBORAZO,1153.0,2120.0,46.0,115.0,1171.0,1397.0,6008.0,4972.0,0.0,0.0,0.0,0.0,0.0,0.0,0.0,0.0,0.0,0.0,0.0,0.0,0.0,0.0,0.0,0.0,0.0,0.0,10713.0,10915.0,13548.0,3434.0
42,2002,2,602,215,ALAUSI,CHIMBORAZO,1443.0,2604.0,155.0,255.0,1389.0,1758.0,5688.0,5024.0,0.0,0.0,0.0,0.0,0.0,0.0,0.0,0.0,0.0,0.0,0.0,0.0,0.0,0.0,0.0,0.0,0.0,0.0,14967.0,15158.0,13859.0,4457.0
43,2002,2,605,220,CHUNCHI,CHIMBORAZO,288.0,559.0,18.0,90.0,501.0,703.0,1535.0,1684.0,0.0,0.0,0.0,0.0,0.0,0.0,0.0,0.0,0.0,0.0,0.0,0.0,0.0,0.0,0.0,0.0,0.0,0.0,5015.0,4943.0,4423.0,955.0
44,2002,2,609,225,PENIPE,CHIMBORAZO,176.0,246.0,12.0,20.0,384.0,378.0,1444.0,1352.0,0.0,0.0,0.0,0.0,0.0,0.0,0.0,0.0,0.0,0.0,0.0,0.0,0.0,0.0,0.0,0.0,0.0,0.0,2932.0,2986.0,3558.0,454.0
45,2002,2,1305,230,FLAVIO ALFARO,MANABI,527.0,667.0,108.0,183.0,2741.0,2681.0,3021.0,2045.0,0.0,0.0,0.0,0.0,0.0,0.0,0.0,0.0,0.0,0.0,0.0,0.0,0.0,0.0,0.0,0.0,0.0,0.0,8951.0,7771.0,10488.0,1485.0
46,2002,2,301,235,AZOGUES,CANAR,1312.0,2058.0,81.0,139.0,2831.0,4104.0,7857.0,11810.0,0.0,0.0,0.0,0.0,0.0,0.0,0.0,0.0,0.0,0.0,0.0,0.0,0.0,0.0,0.0,0.0,0.0,0.0,26255.0,28914.0,26602.0,3590.0
47,2002,2,303,240,CANAR,CANAR,1167.0,1988.0,93.0,178.0,2213.0,3099.0,5782.0,7096.0,0.0,0.0,0.0,0.0,0.0,0.0,0.0,0.0,0.0,0.0,0.0,0.0,0.0,0.0,0.0,0.0,0.0,0.0,20157.0,20063.0,18190.0,3426.0
48,2002,2,307,241,SUSCAL,CANAR,97.0,214.0,9.0,17.0,274.0,327.0,656.0,701.0,0.0,0.0,0.0,0.0,0.0,0.0,0.0,0.0,0.0,0.0,0.0,0.0,0.0,0.0,0.0,0.0,0.0,0.0,2399.0,2120.0,1958.0,337.0
49,2002,2,302,245,BIBLIAN,CANAR,314.0,622.0,31.0,61.0,659.0,1109.0,2120.0,3454.0,0.0,0.0,0.0,0.0,0.0,0.0,0.0,0.0,0.0,0.0,0.0,0.0,0.0,0.0,0.0,0.0,0.0,0.0,9537.0,10015.0,7342.0,1028.0
50,2002,2,304,250,LA TRONCAL,CANAR,631.0,905.0,51.0,78.0,1612.0,1932.0,5658.0,5297.0,0.0,0.0,0.0,0.0,0.0,0.0,0.0,0.0,0.0,0.0,0.0,0.0,0.0,0.0,0.0,0.0,0.0,0.0,13418.0,12096.0,14499.0,1665.0
51,2002,2,1504,255,EL CHACO,NAPO,69.0,70.0,9.0,9.0,153.0,127.0,1196.0,1015.0,0.0,0.0,0.0,0.0,0.0,0.0,0.0,0.0,0.0,0.0,0.0,0.0,0.0,0.0,0.0,0.0,0.0,0.0,1816.0,1622.0,2491.0,157.0
52,2002,2,101,260,CUENCA,AZUAY,10959.0,15079.0,620.0,1012.0,18507.0,21708.0,57496.0,70898.0,0.0,0.0,0.0,0.0,0.0,0.0,0.0,0.0,0.0,0.0,0.0,0.0,0.0,0.0,0.0,0.0,0.0,0.0,139212.0,150436.0,168609.0,27670.0
53,2002,2,103,265,GUALACEO,AZUAY,762.0,1358.0,94.0,242.0,879.0,1298.0,4688.0,6569.0,0.0,0.0,0.0,0.0,0.0,0.0,0.0,0.0,0.0,0.0,0.0,0.0,0.0,0.0,0.0,0.0,0.0,0.0,13642.0,14161.0,13434.0,2456.0
54,2002,2,102,270,GIRON,AZUAY,228.0,368.0,14.0,46.0,408.0,635.0,1547.0,2232.0,0.0,0.0,0.0,0.0,0.0,0.0,0.0,0.0,0.0,0.0,0.0,0.0,0.0,0.0,0.0,0.0,0.0,0.0,5727.0,5873.0,4822.0,656.0
55,2002,2,105,275,PAUTE,AZUAY,470.0,785.0,38.0,101.0,605.0,723.0,3505.0,4335.0,0.0,0.0,0.0,0.0,0.0,0.0,0.0,0.0,0.0,0.0,0.0,0.0,0.0,0.0,0.0,0.0,0.0,0.0,8379.0,8693.0,9168.0,1394.0
56,2002,2,109,280,SIGSIG,AZUAY,449.0,991.0,62.0,111.0,482.0,722.0,3536.0,5124.0,0.0,0.0,0.0,0.0,0.0,0.0,0.0,0.0,0.0,0.0,0.0,0.0,0.0,0.0,0.0,0.0,0.0,0.0,8616.0,9694.0,9864.0,1613.0
57,2002,2,108,285,SANTA ISABEL,AZUAY,275.0,438.0,30.0,79.0,810.0,1056.0,2774.0,2871.0,0.0,0.0,0.0,0.0,0.0,0.0,0.0,0.0,0.0,0.0,0.0,0.0,0.0,0.0,0.0,0.0,0.0,0.0,6714.0,6402.0,7511.0,822.0
58,2002,2,1103,290,CATAMAYO,LOJA,274.0,438.0,26.0,33.0,1850.0,2089.0,3085.0,3023.0,0.0,0.0,0.0,0.0,0.0,0.0,0.0,0.0,0.0,0.0,0.0,0.0,0.0,0.0,0.0,0.0,0.0,0.0,8509.0,8662.0,10047.0,771.0
59,2002,2,1113,295,ZAPOTILLO,LOJA,71.0,109.0,20.0,23.0,887.0,829.0,1240.0,866.0,0.0,0.0,0.0,0.0,0.0,0.0,0.0,0.0,0.0,0.0,0.0,0.0,0.0,0.0,0.0,0.0,0.0,0.0,3601.0,3145.0,3822.0,223.0
60,2002,2,1101,300,LOJA,LOJA,3960.0,5213.0,308.0,359.0,12919.0,16105.0,21779.0,23498.0,0.0,0.0,0.0,0.0,0.0,0.0,0.0,0.0,0.0,0.0,0.0,0.0,0.0,0.0,0.0,0.0,0.0,0.0,58198.0,65137.0,74301.0,9840.0
61,2002,2,1111,305,SARAGURO,LOJA,434.0,729.0,44.0,107.0,1134.0,1396.0,3702.0,3631.0,0.0,0.0,0.0,0.0,0.0,0.0,0.0,0.0,0.0,0.0,0.0,0.0,0.0,0.0,0.0,0.0,0.0,0.0,9098.0,9625.0,9863.0,1314.0
62,2002,2,1109,310,PALTAS,LOJA,356.0,396.0,30.0,59.0,1142.0,1220.0,3720.0,3609.0,0.0,0.0,0.0,0.0,0.0,0.0,0.0,0.0,0.0,0.0,0.0,0.0,0.0,0.0,0.0,0.0,0.0,0.0,8910.0,8845.0,9691.0,841.0
63,2002,2,1116,311,OLMEDO,LOJA,83.0,108.0,4.0,20.0,254.0,287.0,1032.0,859.0,0.0,0.0,0.0,0.0,0.0,0.0,0.0,0.0,0.0,0.0,0.0,0.0,0.0,0.0,0.0,0.0,0.0,0.0,2249.0,2074.0,2432.0,215.0
64,2002,2,1104,315,CELICA,LOJA,130.0,204.0,20.0,24.0,738.0,787.0,1687.0,1601.0,0.0,0.0,0.0,0.0,0.0,0.0,0.0,0.0,0.0,0.0,0.0,0.0,0.0,0.0,0.0,0.0,0.0,0.0,4438.0,4548.0,4813.0,378.0
65,2002,2,1102,320,CALVAS,LOJA,284.0,481.0,68.0,46.0,1336.0,1631.0,3397.0,3421.0,0.0,0.0,0.0,0.0,0.0,0.0,0.0,0.0,0.0,0.0,0.0,0.0,0.0,0.0,0.0,0.0,0.0,0.0,10612.0,10702.0,9785.0,879.0
66,2002,2,1108,325,MACARA,LOJA,172.0,261.0,33.0,36.0,1332.0,1472.0,2094.0,2004.0,0.0,0.0,0.0,0.0,0.0,0.0,0.0,0.0,0.0,0.0,0.0,0.0,0.0,0.0,0.0,0.0,0.0,0.0,6935.0,6498.0,6902.0,502.0
67,2002,2,1110,330,PUYANGO,LOJA,245.0,323.0,37.0,48.0,691.0,737.0,2580.0,2359.0,0.0,0.0,0.0,0.0,0.0,0.0,0.0,0.0,0.0,0.0,0.0,0.0,0.0,0.0,0.0,0.0,0.0,0.0,6215.0,6108.0,6367.0,653.0
68,2002,2,1107,335,GONZANAMA,LOJA,170.0,273.0,18.0,18.0,926.0,943.0,1922.0,1795.0,0.0,0.0,0.0,0.0,0.0,0.0,0.0,0.0,0.0,0.0,0.0,0.0,0.0,0.0,0.0,0.0,0.0,0.0,5632.0,5404.0,5586.0,479.0
69,2002,2,1106,340,ESPINDOLA,LOJA,114.0,222.0,25.0,23.0,722.0,840.0,1764.0,1474.0,0.0,0.0,0.0,0.0,0.0,0.0,0.0,0.0,0.0,0.0,0.0,0.0,0.0,0.0,0.0,0.0,0.0,0.0,5674.0,5436.0,4800.0,384.0
70,2002,2,1112,345,SOZORANGA,LOJA,60.0,110.0,8.0,9.0,302.0,352.0,882.0,879.0,0.0,0.0,0.0,0.0,0.0,0.0,0.0,0.0,0.0,0.0,0.0,0.0,0.0,0.0,0.0,0.0,0.0,0.0,2883.0,2590.0,2415.0,187.0
71,2002,2,701,350,MACHALA,EL ORO,3802.0,5070.0,354.0,285.0,18660.0,18930.0,25049.0,24724.0,0.0,0.0,0.0,0.0,0.0,0.0,0.0,0.0,0.0,0.0,0.0,0.0,0.0,0.0,0.0,0.0,0.0,0.0,71441.0,70497.0,87363.0,9511.0
72,2002,2,712,355,SANTA ROSA,EL ORO,769.0,1043.0,97.0,106.0,4867.0,5124.0,8183.0,7699.0,0.0,0.0,0.0,0.0,0.0,0.0,0.0,0.0,0.0,0.0,0.0,0.0,0.0,0.0,0.0,0.0,0.0,0.0,21507.0,20465.0,25873.0,2015.0
73,2002,2,713,360,ZARUMA,EL ORO,443.0,565.0,36.0,70.0,1273.0,1332.0,4122.0,3711.0,0.0,0.0,0.0,0.0,0.0,0.0,0.0,0.0,0.0,0.0,0.0,0.0,0.0,0.0,0.0,0.0,0.0,0.0,9161.0,8684.0,10438.0,1114.0
74,2002,2,709,365,PASAJE,EL ORO,1356.0,1694.0,97.0,91.0,6189.0,6444.0,9091.0,7873.0,0.0,0.0,0.0,0.0,0.0,0.0,0.0,0.0,0.0,0.0,0.0,0.0,0.0,0.0,0.0,0.0,0.0,0.0,25033.0,23306.0,29597.0,3238.0
75,2002,2,710,370,PINAS,EL ORO,476.0,727.0,111.0,54.0,1324.0,1389.0,3872.0,3661.0,0.0,0.0,0.0,0.0,0.0,0.0,0.0,0.0,0.0,0.0,0.0,0.0,0.0,0.0,0.0,0.0,0.0,0.0,9274.0,8784.0,10246.0,1368.0
76,2002,2,702,375,ARENILLAS,EL ORO,256.0,327.0,30.0,34.0,1692.0,1536.0,2976.0,2876.0,0.0,0.0,0.0,0.0,0.0,0.0,0.0,0.0,0.0,0.0,0.0,0.0,0.0,0.0,0.0,0.0,0.0,0.0,7165.0,6701.0,9080.0,647.0
77,2002,2,706,380,EL GUABO,EL ORO,527.0,733.0,66.0,83.0,2596.0,2483.0,6461.0,5179.0,0.0,0.0,0.0,0.0,0.0,0.0,0.0,0.0,0.0,0.0,0.0,0.0,0.0,0.0,0.0,0.0,0.0,0.0,13749.0,11185.0,16719.0,1409.0
78,2002,2,908,385,EL EMPALME,GUAYAS,1289.0,1676.0,201.0,301.0,8830.0,8864.0,6153.0,4298.0,0.0,0.0,0.0,0.0,0.0,0.0,0.0,0.0,0.0,0.0,0.0,0.0,0.0,0.0,0.0,0.0,0.0,0.0,23441.0,21326.0,28145.0,3467.0
79,2002,2,901,390,GUAYAQUIL,GUAYAS,39963.0,54226.0,3237.0,3311.0,291924.0,323766.0,136112.0,119008.0,0.0,0.0,0.0,0.0,0.0,0.0,0.0,0.0,0.0,0.0,0.0,0.0,0.0,0.0,0.0,0.0,0.0,0.0,657026.0,705667.0,870810.0,100737.0
80,2002,2,920,395,SAN JACINTO DE YAGUACHI,GUAYAS,695.0,916.0,113.0,138.0,4352.0,5018.0,4287.0,3107.0,0.0,0.0,0.0,0.0,0.0,0.0,0.0,0.0,0.0,0.0,0.0,0.0,0.0,0.0,0.0,0.0,0.0,0.0,13422.0,12293.0,16764.0,1862.0
81,2002,2,906,400,DAULE,GUAYAS,2324.0,2615.0,379.0,378.0,16362.0,17275.0,7828.0,5091.0,0.0,0.0,0.0,0.0,0.0,0.0,0.0,0.0,0.0,0.0,0.0,0.0,0.0,0.0,0.0,0.0,0.0,0.0,34930.0,32480.0,46556.0,5696.0
82,2002,2,2403,405,SALINAS,GUAYAS,595.0,805.0,106.0,80.0,7811.0,8458.0,1991.0,1685.0,0.0,0.0,0.0,0.0,0.0,0.0,0.0,0.0,0.0,0.0,0.0,0.0,0.0,0.0,0.0,0.0,0.0,0.0,12591.0,12524.0,19945.0,1586.0
83,2002,2,2401,410,SANTA ELENA,GUAYAS,1680.0,2083.0,326.0,400.0,20931.0,21484.0,5861.0,4044.0,0.0,0.0,0.0,0.0,0.0,0.0,0.0,0.0,0.0,0.0,0.0,0.0,0.0,0.0,0.0,0.0,0.0,0.0,33362.0,31857.0,52320.0,4489.0
84,2002,2,904,415,BALZAR,GUAYAS,1141.0,1308.0,137.0,158.0,6839.0,6886.0,4861.0,3195.0,0.0,0.0,0.0,0.0,0.0,0.0,0.0,0.0,0.0,0.0,0.0,0.0,0.0,0.0,0.0,0.0,0.0,0.0,18295.0,16564.0,21781.0,2744.0
85,2002,2,910,420,MILAGRO,GUAYAS,3031.0,4168.0,305.0,363.0,15743.0,18628.0,19814.0,16328.0,0.0,0.0,0.0,0.0,0.0,0.0,0.0,0.0,0.0,0.0,0.0,0.0,0.0,0.0,0.0,0.0,0.0,0.0,54435.0,54114.0,70513.0,7867.0
86,2002,2,916,425,SAMBORONDON,GUAYAS,730.0,879.0,113.0,108.0,5665.0,6135.0,3974.0,2453.0,0.0,0.0,0.0,0.0,0.0,0.0,0.0,0.0,0.0,0.0,0.0,0.0,0.0,0.0,0.0,0.0,0.0,0.0,13253.0,11774.0,18227.0,1830.0
87,2002,2,919,430,SALITRE,GUAYAS,1073.0,1146.0,182.0,191.0,6301.0,6227.0,4612.0,2858.0,0.0,0.0,0.0,0.0,0.0,0.0,0.0,0.0,0.0,0.0,0.0,0.0,0.0,0.0,0.0,0.0,0.0,0.0,16609.0,13879.0,19998.0,2592.0
88,2002,2,911,435,NARANJAL,GUAYAS,712.0,887.0,132.0,118.0,3122.0,3110.0,6876.0,5566.0,0.0,0.0,0.0,0.0,0.0,0.0,0.0,0.0,0.0,0.0,0.0,0.0,0.0,0.0,0.0,0.0,0.0,0.0,16067.0,13739.0,18674.0,1849.0
89,2002,2,1301,440,PORTOVIEJO,MANABI,5089.0,6591.0,472.0,514.0,35543.0,41687.0,20219.0,16594.0,0.0,0.0,0.0,0.0,0.0,0.0,0.0,0.0,0.0,0.0,0.0,0.0,0.0,0.0,0.0,0.0,0.0,0.0,84714.0,88196.0,114043.0,12666.0
90,2002,2,1309,445,MONTECRISTI,MANABI,692.0,975.0,75.0,97.0,7245.0,7561.0,2395.0,1790.0,0.0,0.0,0.0,0.0,0.0,0.0,0.0,0.0,0.0,0.0,0.0,0.0,0.0,0.0,0.0,0.0,0.0,0.0,14636.0,14267.0,18991.0,1839.0
91,2002,2,1321,446,JARAMIJO,MANABI,81.0,91.0,10.0,12.0,2418.0,2474.0,329.0,249.0,0.0,0.0,0.0,0.0,0.0,0.0,0.0,0.0,0.0,0.0,0.0,0.0,0.0,0.0,0.0,0.0,0.0,0.0,3579.0,3299.0,5470.0,194.0
92,2002,2,1308,450,MANTA,MANABI,3512.0,4665.0,287.0,263.0,28933.0,32437.0,12519.0,10039.0,0.0,0.0,0.0,0.0,0.0,0.0,0.0,0.0,0.0,0.0,0.0,0.0,0.0,0.0,0.0,0.0,0.0,0.0,63996.0,66477.0,83928.0,8727.0
93,2002,2,1306,455,JIPIJAPA,MANABI,1943.0,2588.0,260.0,235.0,11133.0,11454.0,8597.0,5702.0,0.0,0.0,0.0,0.0,0.0,0.0,0.0,0.0,0.0,0.0,0.0,0.0,0.0,0.0,0.0,0.0,0.0,0.0,29336.0,27292.0,36886.0,5026.0
94,2002,2,1316,460,24 DE MAYO,MANABI,724.0,947.0,83.0,118.0,4969.0,4559.0,2971.0,1785.0,0.0,0.0,0.0,0.0,0.0,0.0,0.0,0.0,0.0,0.0,0.0,0.0,0.0,0.0,0.0,0.0,0.0,0.0,12921.0,11517.0,14284.0,1872.0
95,2002,2,1312,465,ROCAFUERTE,MANABI,586.0,874.0,80.0,100.0,4585.0,5042.0,3576.0,2660.0,0.0,0.0,0.0,0.0,0.0,0.0,0.0,0.0,0.0,0.0,0.0,0.0,0.0,0.0,0.0,0.0,0.0,0.0,11950.0,11262.0,15863.0,1640.0
96,2002,2,1313,470,SANTA ANA,MANABI,1095.0,1413.0,143.0,176.0,7710.0,7641.0,4090.0,2528.0,0.0,0.0,0.0,0.0,0.0,0.0,0.0,0.0,0.0,0.0,0.0,0.0,0.0,0.0,0.0,0.0,0.0,0.0,19378.0,17023.0,21969.0,2827.0
97,2002,2,1314,475,SUCRE,MANABI,937.0,1236.0,133.0,176.0,9026.0,9745.0,4063.0,2781.0,0.0,0.0,0.0,0.0,0.0,0.0,0.0,0.0,0.0,0.0,0.0,0.0,0.0,0.0,0.0,0.0,0.0,0.0,20325.0,19251.0,25615.0,2482.0
98,2002,2,1320,476,JAMA,MANABI,175.0,229.0,27.0,33.0,1388.0,1355.0,910.0,623.0,0.0,0.0,0.0,0.0,0.0,0.0,0.0,0.0,0.0,0.0,0.0,0.0,0.0,0.0,0.0,0.0,0.0,0.0,3866.0,3291.0,4276.0,464.0
99,2002,2,1322,477,SAN VICENTE,MANABI,280.0,380.0,39.0,65.0,3098.0,3128.0,1040.0,727.0,0.0,0.0,0.0,0.0,0.0,0.0,0.0,0.0,0.0,0.0,0.0,0.0,0.0,0.0,0.0,0.0,0.0,0.0,6627.0,6154.0,7993.0,764.0
100,2002,2,1303,480,CHONE,MANABI,2271.0,3057.0,279.0,372.0,17590.0,19822.0,9238.0,6806.0,0.0,0.0,0.0,0.0,0.0,0.0,0.0,0.0,0.0,0.0,0.0,0.0,0.0,0.0,0.0,0.0,0.0,0.0,44381.0,43291.0,53456.0,5979.0
101,2002,2,1302,485,BOLIVAR,MANABI,536.0,761.0,84.0,121.0,5933.0,6677.0,3430.0,2304.0,0.0,0.0,0.0,0.0,0.0,0.0,0.0,0.0,0.0,0.0,0.0,0.0,0.0,0.0,0.0,0.0,0.0,0.0,15183.0,14408.0,18344.0,1502.0
102,2002,2,1307,490,JUNIN,MANABI,333.0,406.0,55.0,53.0,3587.0,3584.0,1562.0,1026.0,0.0,0.0,0.0,0.0,0.0,0.0,0.0,0.0,0.0,0.0,0.0,0.0,0.0,0.0,0.0,0.0,0.0,0.0,8329.0,7260.0,9759.0,847.0
103,2002,2,1310,495,PAJAN,MANABI,1337.0,1484.0,130.0,188.0,6738.0,6447.0,5628.0,3315.0,0.0,0.0,0.0,0.0,0.0,0.0,0.0,0.0,0.0,0.0,0.0,0.0,0.0,0.0,0.0,0.0,0.0,0.0,18812.0,15928.0,22128.0,3139.0
104,2002,2,1304,500,EL CARMEN,MANABI,1547.0,2030.0,231.0,264.0,9319.0,10165.0,8433.0,6025.0,0.0,0.0,0.0,0.0,0.0,0.0,0.0,0.0,0.0,0.0,0.0,0.0,0.0,0.0,0.0,0.0,0.0,0.0,28355.0,26002.0,33942.0,4072.0
105,2002,2,909,505,EL TRIUNFO,GUAYAS,557.0,743.0,81.0,87.0,2633.0,3138.0,5225.0,4062.0,0.0,0.0,0.0,0.0,0.0,0.0,0.0,0.0,0.0,0.0,0.0,0.0,0.0,0.0,0.0,0.0,0.0,0.0,12613.0,11096.0,15058.0,1468.0
106,2002,2,912,510,NARANJITO,GUAYAS,510.0,653.0,87.0,84.0,2276.0,2638.0,5285.0,4143.0,0.0,0.0,0.0,0.0,0.0,0.0,0.0,0.0,0.0,0.0,0.0,0.0,0.0,0.0,0.0,0.0,0.0,0.0,11385.0,10079.0,14342.0,1334.0
107,2002,2,1201,515,BABAHOYO,LOS RIOS,2670.0,3649.0,321.0,351.0,17533.0,20056.0,12373.0,9573.0,0.0,0.0,0.0,0.0,0.0,0.0,0.0,0.0,0.0,0.0,0.0,0.0,0.0,0.0,0.0,0.0,0.0,0.0,43987.0,43175.0,59535.0,6991.0
108,2002,2,1211,516,VALENCIA,LOS RIOS,440.0,532.0,65.0,71.0,2244.0,2255.0,3409.0,2401.0,0.0,0.0,0.0,0.0,0.0,0.0,0.0,0.0,0.0,0.0,0.0,0.0,0.0,0.0,0.0,0.0,0.0,0.0,8079.0,6784.0,10309.0,1108.0
109,2002,2,1202,520,BABA,LOS RIOS,844.0,930.0,164.0,103.0,4242.0,4457.0,3771.0,2402.0,0.0,0.0,0.0,0.0,0.0,0.0,0.0,0.0,0.0,0.0,0.0,0.0,0.0,0.0,0.0,0.0,0.0,0.0,11806.0,9914.0,14872.0,2041.0
110,2002,2,1208,525,VINCES,LOS RIOS,1585.0,2020.0,179.0,232.0,7809.0,8841.0,8266.0,5610.0,0.0,0.0,0.0,0.0,0.0,0.0,0.0,0.0,0.0,0.0,0.0,0.0,0.0,0.0,0.0,0.0,0.0,0.0,22938.0,20808.0,30526.0,4016.0
111,2002,2,1204,530,PUEBLOVIEJO,LOS RIOS,675.0,887.0,67.0,102.0,3058.0,3380.0,3448.0,2380.0,0.0,0.0,0.0,0.0,0.0,0.0,0.0,0.0,0.0,0.0,0.0,0.0,0.0,0.0,0.0,0.0,0.0,0.0,9468.0,8415.0,12266.0,1731.0
112,2002,2,1206,535,URDANETA,LOS RIOS,597.0,757.0,73.0,80.0,3137.0,3417.0,3783.0,2700.0,0.0,0.0,0.0,0.0,0.0,0.0,0.0,0.0,0.0,0.0,0.0,0.0,0.0,0.0,0.0,0.0,0.0,0.0,10079.0,9065.0,13037.0,1507.0
113,2002,2,1205,540,QUEVEDO,LOS RIOS,3365.0,4393.0,338.0,431.0,18006.0,20235.0,17765.0,15079.0,0.0,0.0,0.0,0.0,0.0,0.0,0.0,0.0,0.0,0.0,0.0,0.0,0.0,0.0,0.0,0.0,0.0,0.0,56932.0,55929.0,71085.0,8527.0
114,2002,2,1207,545,VENTANAS,LOS RIOS,1214.0,1635.0,116.0,146.0,6901.0,7817.0,8218.0,6321.0,0.0,0.0,0.0,0.0,0.0,0.0,0.0,0.0,0.0,0.0,0.0,0.0,0.0,0.0,0.0,0.0,0.0,0.0,22904.0,21321.0,29257.0,3111.0
115,2002,2,1315,550,TOSAGUA,MANABI,491.0,766.0,91.0,107.0,5117.0,5353.0,3611.0,2530.0,0.0,0.0,0.0,0.0,0.0,0.0,0.0,0.0,0.0,0.0,0.0,0.0,0.0,0.0,0.0,0.0,0.0,0.0,12095.0,11015.0,16611.0,1455.0
116,2002,2,106,555,PUCARA,AZUAY,147.0,247.0,18.0,40.0,185.0,189.0,1503.0,1370.0,0.0,0.0,0.0,0.0,0.0,0.0,0.0,0.0,0.0,0.0,0.0,0.0,0.0,0.0,0.0,0.0,0.0,0.0,3056.0,2928.0,3247.0,452.0
117,2002,2,115,556,CAMILO PONCE ENRIQUEZ,AZUAY,111.0,128.0,13.0,19.0,409.0,387.0,1332.0,1038.0,0.0,0.0,0.0,0.0,0.0,0.0,0.0,0.0,0.0,0.0,0.0,0.0,0.0,0.0,0.0,0.0,0.0,0.0,2535.0,2151.0,3166.0,271.0
118,2002,2,801,560,ESMERALDAS,ESMERALDAS,3340.0,4639.0,331.0,349.0,19549.0,22921.0,11432.0,10714.0,0.0,0.0,0.0,0.0,0.0,0.0,0.0,0.0,0.0,0.0,0.0,0.0,0.0,0.0,0.0,0.0,0.0,0.0,54455.0,57499.0,64616.0,8659.0
119,2002,2,807,561,RIOVERDE,ESMERALDAS,486.0,526.0,87.0,52.0,1988.0,1868.0,1575.0,966.0,0.0,0.0,0.0,0.0,0.0,0.0,0.0,0.0,0.0,0.0,0.0,0.0,0.0,0.0,0.0,0.0,0.0,0.0,7030.0,5377.0,6397.0,1151.0
120,2002,2,802,565,ELOY ALFARO,ESMERALDAS,406.0,557.0,63.0,50.0,2569.0,2535.0,1641.0,1135.0,0.0,0.0,0.0,0.0,0.0,0.0,0.0,0.0,0.0,0.0,0.0,0.0,0.0,0.0,0.0,0.0,0.0,0.0,10256.0,8526.0,7880.0,1076.0
121,2002,2,803,570,MUISNE,ESMERALDAS,285.0,327.0,50.0,51.0,2468.0,2360.0,1556.0,918.0,0.0,0.0,0.0,0.0,0.0,0.0,0.0,0.0,0.0,0.0,0.0,0.0,0.0,0.0,0.0,0.0,0.0,0.0,7468.0,5794.0,7302.0,713.0
122,2002,2,804,575,QUININDE,ESMERALDAS,2172.0,2478.0,248.0,231.0,8799.0,8470.0,11771.0,8321.0,0.0,0.0,0.0,0.0,0.0,0.0,0.0,0.0,0.0,0.0,0.0,0.0,0.0,0.0,0.0,0.0,0.0,0.0,34453.0,28577.0,37361.0,5129.0
123,2002,2,805,580,SAN LORENZO,ESMERALDAS,430.0,607.0,48.0,67.0,2255.0,2483.0,1428.0,1211.0,0.0,0.0,0.0,0.0,0.0,0.0,0.0,0.0,0.0,0.0,0.0,0.0,0.0,0.0,0.0,0.0,0.0,0.0,7556.0,7224.0,7377.0,1152.0
124,2002,2,705,585,CHILLA,EL ORO,39.0,53.0,3.0,5.0,167.0,161.0,556.0,452.0,0.0,0.0,0.0,0.0,0.0,0.0,0.0,0.0,0.0,0.0,0.0,0.0,0.0,0.0,0.0,0.0,0.0,0.0,1127.0,1036.0,1336.0,100.0
125,2002,2,1401,590,MORONA,MORONA SANTIAGO,369.0,571.0,41.0,56.0,1006.0,1104.0,4184.0,4041.0,0.0,0.0,0.0,0.0,0.0,0.0,0.0,0.0,0.0,0.0,0.0,0.0,0.0,0.0,0.0,0.0,0.0,0.0,9517.0,9026.0,10335.0,1037.0
126,2002,2,1402,595,GUALAQUIZA,MORONA SANTIAGO,182.0,235.0,17.0,52.0,400.0,488.0,1773.0,1935.0,0.0,0.0,0.0,0.0,0.0,0.0,0.0,0.0,0.0,0.0,0.0,0.0,0.0,0.0,0.0,0.0,0.0,0.0,4255.0,4054.0,4596.0,486.0
127,2002,2,1403,600,LIMON INDANZA,MORONA SANTIAGO,98.0,118.0,6.0,13.0,169.0,171.0,1424.0,1568.0,0.0,0.0,0.0,0.0,0.0,0.0,0.0,0.0,0.0,0.0,0.0,0.0,0.0,0.0,0.0,0.0,0.0,0.0,3401.0,3008.0,3332.0,235.0
128,2002,2,1405,605,SANTIAGO,MORONA SANTIAGO,87.0,118.0,11.0,20.0,286.0,253.0,1459.0,1445.0,0.0,0.0,0.0,0.0,0.0,0.0,0.0,0.0,0.0,0.0,0.0,0.0,0.0,0.0,0.0,0.0,0.0,0.0,3342.0,2986.0,3443.0,236.0
129,2002,2,1406,610,SUCUA,MORONA SANTIAGO,183.0,265.0,12.0,34.0,428.0,496.0,1960.0,2213.0,0.0,0.0,0.0,0.0,0.0,0.0,0.0,0.0,0.0,0.0,0.0,0.0,0.0,0.0,0.0,0.0,0.0,0.0,5144.0,4770.0,5097.0,494.0
130,2002,2,1410,611,LOGRONO,MORONA SANTIAGO,72.0,66.0,3.0,12.0,66.0,82.0,713.0,633.0,0.0,0.0,0.0,0.0,0.0,0.0,0.0,0.0,0.0,0.0,0.0,0.0,0.0,0.0,0.0,0.0,0.0,0.0,1692.0,1537.0,1494.0,153.0
131,2002,2,1404,615,PALORA,MORONA SANTIAGO,68.0,99.0,8.0,20.0,167.0,193.0,886.0,804.0,0.0,0.0,0.0,0.0,0.0,0.0,0.0,0.0,0.0,0.0,0.0,0.0,0.0,0.0,0.0,0.0,0.0,0.0,2045.0,1728.0,2050.0,195.0
132,2002,2,1501,620,TENA,NAPO,334.0,462.0,20.0,23.0,623.0,741.0,8596.0,8148.0,0.0,0.0,0.0,0.0,0.0,0.0,0.0,0.0,0.0,0.0,0.0,0.0,0.0,0.0,0.0,0.0,0.0,0.0,12670.0,12492.0,18108.0,839.0
133,2002,2,1509,621,CARLOS JULIO AROSEMENA TOLA,NAPO,23.0,19.0,2.0,4.0,62.0,41.0,583.0,470.0,0.0,0.0,0.0,0.0,0.0,0.0,0.0,0.0,0.0,0.0,0.0,0.0,0.0,0.0,0.0,0.0,0.0,0.0,859.0,700.0,1156.0,48.0
134,2002,2,2101,625,LAGO AGRIO,SUCUMBIOS,1201.0,1215.0,88.0,104.0,5026.0,4359.0,8971.0,6553.0,0.0,0.0,0.0,0.0,0.0,0.0,0.0,0.0,0.0,0.0,0.0,0.0,0.0,0.0,0.0,0.0,0.0,0.0,22242.0,17165.0,24909.0,2608.0
135,2002,2,2107,626,CUYABENO,SUCUMBIOS,99.0,84.0,19.0,18.0,325.0,254.0,851.0,475.0,0.0,0.0,0.0,0.0,0.0,0.0,0.0,0.0,0.0,0.0,0.0,0.0,0.0,0.0,0.0,0.0,0.0,0.0,1844.0,1198.0,1905.0,220.0
136,2002,2,2202,630,AGUARICO,ORELLANA,34.0,63.0,3.0,4.0,86.0,80.0,521.0,345.0,0.0,0.0,0.0,0.0,0.0,0.0,0.0,0.0,0.0,0.0,0.0,0.0,0.0,0.0,0.0,0.0,0.0,0.0,1183.0,1015.0,1032.0,104.0
137,2002,2,1507,635,QUIJOS,NAPO,50.0,63.0,5.0,7.0,167.0,170.0,1022.0,889.0,0.0,0.0,0.0,0.0,0.0,0.0,0.0,0.0,0.0,0.0,0.0,0.0,0.0,0.0,0.0,0.0,0.0,0.0,1625.0,1466.0,2248.0,125.0
138,2002,2,2105,640,SUCUMBIOS,SUCUMBIOS,39.0,39.0,3.0,5.0,242.0,245.0,510.0,436.0,0.0,0.0,0.0,0.0,0.0,0.0,0.0,0.0,0.0,0.0,0.0,0.0,0.0,0.0,0.0,0.0,0.0,0.0,1007.0,905.0,1433.0,86.0
139,2002,2,2201,645,FRANCISCO DE ORELLANA,ORELLANA,565.0,647.0,38.0,41.0,2500.0,2010.0,5801.0,4190.0,0.0,0.0,0.0,0.0,0.0,0.0,0.0,0.0,0.0,0.0,0.0,0.0,0.0,0.0,0.0,0.0,0.0,0.0,12530.0,9483.0,14501.0,1291.0
140,2002,2,2103,650,PUTUMAYO,SUCUMBIOS,85.0,107.0,12.0,13.0,158.0,144.0,729.0,485.0,0.0,0.0,0.0,0.0,0.0,0.0,0.0,0.0,0.0,0.0,0.0,0.0,0.0,0.0,0.0,0.0,0.0,0.0,1763.0,1420.0,1516.0,217.0
141,2002,2,1901,655,ZAMORA,ZAMORA CHINCHIPE,241.0,320.0,20.0,33.0,1733.0,1826.0,2488.0,2216.0,0.0,0.0,0.0,0.0,0.0,0.0,0.0,0.0,0.0,0.0,0.0,0.0,0.0,0.0,0.0,0.0,0.0,0.0,7440.0,6803.0,8263.0,614.0
142,2002,2,1902,660,CHINCHIPE,ZAMORA CHINCHIPE,55.0,55.0,7.0,16.0,439.0,453.0,1022.0,784.0,0.0,0.0,0.0,0.0,0.0,0.0,0.0,0.0,0.0,0.0,0.0,0.0,0.0,0.0,0.0,0.0,0.0,0.0,2421.0,2091.0,2698.0,133.0
143,2002,2,1908,661,PALANDA,ZAMORA CHINCHIPE,41.0,53.0,6.0,5.0,197.0,167.0,1112.0,824.0,0.0,0.0,0.0,0.0,0.0,0.0,0.0,0.0,0.0,0.0,0.0,0.0,0.0,0.0,0.0,0.0,0.0,0.0,2042.0,1630.0,2300.0,105.0
144,2002,2,1904,665,YACUAMBI,ZAMORA CHINCHIPE,47.0,70.0,5.0,14.0,193.0,251.0,690.0,571.0,0.0,0.0,0.0,0.0,0.0,0.0,0.0,0.0,0.0,0.0,0.0,0.0,0.0,0.0,0.0,0.0,0.0,0.0,1356.0,1300.0,1705.0,136.0
145,2002,2,1905,670,YANTZAZA,ZAMORA CHINCHIPE,125.0,236.0,26.0,19.0,817.0,937.0,1871.0,1648.0,0.0,0.0,0.0,0.0,0.0,0.0,0.0,0.0,0.0,0.0,0.0,0.0,0.0,0.0,0.0,0.0,0.0,0.0,5097.0,4638.0,5273.0,406.0
146,2002,2,913,675,PALESTINA,GUAYAS,265.0,315.0,60.0,48.0,1854.0,1959.0,1622.0,1012.0,0.0,0.0,0.0,0.0,0.0,0.0,0.0,0.0,0.0,0.0,0.0,0.0,0.0,0.0,0.0,0.0,0.0,0.0,4732.0,4085.0,6447.0,688.0
147,2002,2,1601,680,PASTAZA,PASTAZA,679.0,869.0,54.0,100.0,1793.0,1979.0,6845.0,6642.0,0.0,0.0,0.0,0.0,0.0,0.0,0.0,0.0,0.0,0.0,0.0,0.0,0.0,0.0,0.0,0.0,0.0,0.0,14139.0,13523.0,17259.0,1702.0
148,2002,2,1602,685,MERA,PASTAZA,70.0,88.0,16.0,6.0,261.0,277.0,1131.0,1321.0,0.0,0.0,0.0,0.0,0.0,0.0,0.0,0.0,0.0,0.0,0.0,0.0,0.0,0.0,0.0,0.0,0.0,0.0,2096.0,2307.0,2990.0,180.0
149,2002,2,711,690,PORTOVELO,EL ORO,175.0,242.0,11.0,26.0,844.0,954.0,1668.0,1449.0,0.0,0.0,0.0,0.0,0.0,0.0,0.0,0.0,0.0,0.0,0.0,0.0,0.0,0.0,0.0,0.0,0.0,0.0,4043.0,3847.0,4915.0,454.0
150,2002,2,707,695,HUAQUILLAS,EL ORO,330.0,446.0,33.0,59.0,2901.0,3237.0,4594.0,4525.0,0.0,0.0,0.0,0.0,0.0,0.0,0.0,0.0,0.0,0.0,0.0,0.0,0.0,0.0,0.0,0.0,0.0,0.0,10913.0,11042.0,15257.0,868.0
151,2002,2,1503,700,ARCHIDONA,NAPO,149.0,272.0,9.0,16.0,336.0,402.0,4053.0,3678.0,0.0,0.0,0.0,0.0,0.0,0.0,0.0,0.0,0.0,0.0,0.0,0.0,0.0,0.0,0.0,0.0,0.0,0.0,5915.0,5819.0,8469.0,446.0
152,2002,2,703,705,ATAHUALPA,EL ORO,114.0,135.0,13.0,18.0,355.0,341.0,1184.0,1079.0,0.0,0.0,0.0,0.0,0.0,0.0,0.0,0.0,0.0,0.0,0.0,0.0,0.0,0.0,0.0,0.0,0.0,0.0,2599.0,2288.0,2959.0,280.0
153,2002,2,1203,710,MONTALVO,LOS RIOS,304.0,390.0,19.0,63.0,1793.0,2019.0,3009.0,2509.0,0.0,0.0,0.0,0.0,0.0,0.0,0.0,0.0,0.0,0.0,0.0,0.0,0.0,0.0,0.0,0.0,0.0,0.0,6835.0,6394.0,9330.0,776.0
154,2002,2,914,715,PEDRO CARBO,GUAYAS,982.0,1209.0,93.0,134.0,5208.0,5769.0,4228.0,2705.0,0.0,0.0,0.0,0.0,0.0,0.0,0.0,0.0,0.0,0.0,0.0,0.0,0.0,0.0,0.0,0.0,0.0,0.0,13216.0,11917.0,17910.0,2418.0
155,2002,2,2104,720,SHUSHUFINDI,SUCUMBIOS,548.0,574.0,56.0,56.0,1929.0,1558.0,4732.0,3281.0,0.0,0.0,0.0,0.0,0.0,0.0,0.0,0.0,0.0,0.0,0.0,0.0,0.0,0.0,0.0,0.0,0.0,0.0,10046.0,7352.0,11500.0,1234.0
156,2002,2,2203,725,LA JOYA DE LOS SACHAS,ORELLANA,320.0,283.0,29.0,28.0,1123.0,913.0,3748.0,2655.0,0.0,0.0,0.0,0.0,0.0,0.0,0.0,0.0,0.0,0.0,0.0,0.0,0.0,0.0,0.0,0.0,0.0,0.0,7001.0,5316.0,8439.0,660.0
157,2002,2,1114,730,PINDAL,LOJA,65.0,89.0,12.0,16.0,313.0,313.0,1102.0,845.0,0.0,0.0,0.0,0.0,0.0,0.0,0.0,0.0,0.0,0.0,0.0,0.0,0.0,0.0,0.0,0.0,0.0,0.0,2402.0,2244.0,2573.0,182.0
158,2002,2,921,735,PLAYAS,GUAYAS,425.0,467.0,73.0,88.0,4405.0,4823.0,2310.0,1866.0,0.0,0.0,0.0,0.0,0.0,0.0,0.0,0.0,0.0,0.0,0.0,0.0,0.0,0.0,0.0,0.0,0.0,0.0,8836.0,8504.0,13404.0,1053.0
159,2002,2,1115,740,QUILANGA,LOJA,56.0,79.0,6.0,5.0,187.0,196.0,642.0,585.0,0.0,0.0,0.0,0.0,0.0,0.0,0.0,0.0,0.0,0.0,0.0,0.0,0.0,0.0,0.0,0.0,0.0,0.0,1878.0,1761.0,1610.0,146.0
160,2002,2,2106,745,CASCALES,SUCUMBIOS,109.0,155.0,8.0,11.0,434.0,381.0,1228.0,909.0,0.0,0.0,0.0,0.0,0.0,0.0,0.0,0.0,0.0,0.0,0.0,0.0,0.0,0.0,0.0,0.0,0.0,0.0,2435.0,1973.0,2952.0,283.0
161,2002,2,1209,750,PALENQUE,LOS RIOS,592.0,616.0,70.0,86.0,1876.0,1776.0,2463.0,1602.0,0.0,0.0,0.0,0.0,0.0,0.0,0.0,0.0,0.0,0.0,0.0,0.0,0.0,0.0,0.0,0.0,0.0,0.0,6781.0,5420.0,7717.0,1364.0
162,2002,2,714,755,LAS LAJAS,EL ORO,57.0,75.0,9.0,14.0,290.0,277.0,1018.0,839.0,0.0,0.0,0.0,0.0,0.0,0.0,0.0,0.0,0.0,0.0,0.0,0.0,0.0,0.0,0.0,0.0,0.0,0.0,2125.0,1782.0,2424.0,155.0
163,2002,2,206,760,CALUMA,BOLIVAR,249.0,279.0,12.0,14.0,1194.0,1216.0,2161.0,1721.0,0.0,0.0,0.0,0.0,0.0,0.0,0.0,0.0,0.0,0.0,0.0,0.0,0.0,0.0,0.0,0.0,0.0,0.0,4660.0,4301.0,6292.0,554.0
164,2002,2,305,765,EL TAMBO,CANAR,154.0,290.0,10.0,24.0,353.0,538.0,1024.0,1228.0,0.0,0.0,0.0,0.0,0.0,0.0,0.0,0.0,0.0,0.0,0.0,0.0,0.0,0.0,0.0,0.0,0.0,0.0,3154.0,3203.0,3143.0,478.0
165,2002,2,1707,770,SAN MIGUEL DE LOS BANCOS,PICHINCHA,128.0,140.0,24.0,21.0,408.0,394.0,1473.0,1203.0,0.0,0.0,0.0,0.0,0.0,0.0,0.0,0.0,0.0,0.0,0.0,0.0,0.0,0.0,0.0,0.0,0.0,0.0,2917.0,2496.0,3478.0,313.0
166,2002,2,1906,775,EL PANGUI,ZAMORA CHINCHIPE,53.0,105.0,4.0,16.0,238.0,244.0,940.0,943.0,0.0,0.0,0.0,0.0,0.0,0.0,0.0,0.0,0.0,0.0,0.0,0.0,0.0,0.0,0.0,0.0,0.0,0.0,2222.0,2028.0,2365.0,178.0
167,2002,2,110,780,ONA,AZUAY,63.0,99.0,8.0,15.0,128.0,163.0,465.0,664.0,0.0,0.0,0.0,0.0,0.0,0.0,0.0,0.0,0.0,0.0,0.0,0.0,0.0,0.0,0.0,0.0,0.0,0.0,1080.0,1430.0,1420.0,185.0
168,2002,2,806,785,ATACAMES,ESMERALDAS,537.0,647.0,63.0,35.0,2851.0,2934.0,2211.0,1588.0,0.0,0.0,0.0,0.0,0.0,0.0,0.0,0.0,0.0,0.0,0.0,0.0,0.0,0.0,0.0,0.0,0.0,0.0,8159.0,7071.0,9584.0,1282.0
169,2002,2,922,790,SIMON BOLIVAR,GUAYAS,324.0,400.0,57.0,51.0,2146.0,2243.0,1971.0,1430.0,0.0,0.0,0.0,0.0,0.0,0.0,0.0,0.0,0.0,0.0,0.0,0.0,0.0,0.0,0.0,0.0,0.0,0.0,6048.0,5217.0,7790.0,832.0
170,2002,2,1407,795,HUAMBOYA,MORONA SANTIAGO,41.0,82.0,1.0,6.0,51.0,61.0,744.0,657.0,0.0,0.0,0.0,0.0,0.0,0.0,0.0,0.0,0.0,0.0,0.0,0.0,0.0,0.0,0.0,0.0,0.0,0.0,1483.0,1418.0,1513.0,130.0
171,2002,2,1411,796,PABLO SEXTO,MORONA SANTIAGO,5.0,16.0,1.0,0.0,24.0,26.0,246.0,150.0,0.0,0.0,0.0,0.0,0.0,0.0,0.0,0.0,0.0,0.0,0.0,0.0,0.0,0.0,0.0,0.0,0.0,0.0,383.0,300.0,446.0,22.0
172,2002,2,2001,800,SAN CRISTOBAL,GALAPAGOS,83.0,97.0,11.0,7.0,612.0,574.0,611.0,510.0,0.0,0.0,0.0,0.0,0.0,0.0,0.0,0.0,0.0,0.0,0.0,0.0,0.0,0.0,0.0,0.0,0.0,0.0,2029.0,1804.0,2307.0,198.0
173,2002,2,2003,805,SANTA CRUZ,GALAPAGOS,141.0,227.0,33.0,15.0,915.0,845.0,1116.0,846.0,0.0,0.0,0.0,0.0,0.0,0.0,0.0,0.0,0.0,0.0,0.0,0.0,0.0,0.0,0.0,0.0,0.0,0.0,3063.0,2539.0,3722.0,416.0
174,2002,2,2002,810,ISABELA,GALAPAGOS,21.0,17.0,1.0,8.0,209.0,177.0,160.0,118.0,0.0,0.0,0.0,0.0,0.0,0.0,0.0,0.0,0.0,0.0,0.0,0.0,0.0,0.0,0.0,0.0,0.0,0.0,528.0,435.0,664.0,47.0
175,2002,2,1105,815,CHAGUARPAMBA,LOJA,110.0,168.0,12.0,6.0,400.0,389.0,1400.0,1108.0,0.0,0.0,0.0,0.0,0.0,0.0,0.0,0.0,0.0,0.0,0.0,0.0,0.0,0.0,0.0,0.0,0.0,0.0,3108.0,2716.0,3297.0,296.0
176,2002,2,907,820,DURAN,GUAYAS,2075.0,2886.0,184.0,138.0,15224.0,16815.0,8539.0,7658.0,0.0,0.0,0.0,0.0,0.0,0.0,0.0,0.0,0.0,0.0,0.0,0.0,0.0,0.0,0.0,0.0,0.0,0.0,34160.0,35782.0,48236.0,5283.0
177,2002,2,502,825,LA MANA,COTOPAXI,583.0,729.0,68.0,52.0,1467.0,1461.0,5677.0,5082.0,0.0,0.0,0.0,0.0,0.0,0.0,0.0,0.0,0.0,0.0,0.0,0.0,0.0,0.0,0.0,0.0,0.0,0.0,10386.0,9622.0,13687.0,1432.0
178,2002,2,608,830,PALLATANGA,CHIMBORAZO,195.0,305.0,21.0,27.0,425.0,394.0,2083.0,1964.0,0.0,0.0,0.0,0.0,0.0,0.0,0.0,0.0,0.0,0.0,0.0,0.0,0.0,0.0,0.0,0.0,0.0,0.0,4053.0,3801.0,4866.0,548.0
179,2002,2,902,835,ALFREDO BAQUERIZO MORENO (JUJAN),GUAYAS,419.0,472.0,93.0,69.0,2701.0,2799.0,2133.0,1466.0,0.0,0.0,0.0,0.0,0.0,0.0,0.0,0.0,0.0,0.0,0.0,0.0,0.0,0.0,0.0,0.0,0.0,0.0,7076.0,6170.0,9099.0,1053.0
180,2002,2,1311,840,PICHINCHA,MANABI,776.0,955.0,122.0,118.0,4384.0,4517.0,4406.0,2611.0,0.0,0.0,0.0,0.0,0.0,0.0,0.0,0.0,0.0,0.0,0.0,0.0,0.0,0.0,0.0,0.0,0.0,0.0,15240.0,12761.0,15918.0,1971.0
181,2002,2,1803,845,CEVALLOS,TUNGURAHUA,166.0,227.0,11.0,12.0,500.0,592.0,1599.0,1335.0,0.0,0.0,0.0,0.0,0.0,0.0,0.0,0.0,0.0,0.0,0.0,0.0,0.0,0.0,0.0,0.0,0.0,0.0,2897.0,2833.0,4026.0,416.0
182,2002,2,1804,850,MOCHA,TUNGURAHUA,171.0,230.0,5.0,7.0,476.0,505.0,1418.0,1322.0,0.0,0.0,0.0,0.0,0.0,0.0,0.0,0.0,0.0,0.0,0.0,0.0,0.0,0.0,0.0,0.0,0.0,0.0,2727.0,2763.0,3721.0,413.0
183,2002,2,107,855,SAN FERNANDO,AZUAY,46.0,79.0,5.0,9.0,196.0,271.0,535.0,777.0,0.0,0.0,0.0,0.0,0.0,0.0,0.0,0.0,0.0,0.0,0.0,0.0,0.0,0.0,0.0,0.0,0.0,0.0,1640.0,1755.0,1779.0,139.0
184,2002,2,708,860,MARCABELI,EL ORO,88.0,86.0,4.0,14.0,227.0,242.0,825.0,739.0,0.0,0.0,0.0,0.0,0.0,0.0,0.0,0.0,0.0,0.0,0.0,0.0,0.0,0.0,0.0,0.0,0.0,0.0,2150.0,1942.0,2033.0,192.0
185,2002,2,2102,865,GONZALO PIZARRO,SUCUMBIOS,87.0,79.0,5.0,5.0,309.0,268.0,1131.0,836.0,0.0,0.0,0.0,0.0,0.0,0.0,0.0,0.0,0.0,0.0,0.0,0.0,0.0,0.0,0.0,0.0,0.0,0.0,2088.0,1615.0,2544.0,176.0
186,2002,2,918,870,SANTA LUCIA,GUAYAS,878.0,989.0,141.0,121.0,3947.0,4495.0,4456.0,2877.0,0.0,0.0,0.0,0.0,0.0,0.0,0.0,0.0,0.0,0.0,0.0,0.0,0.0,0.0,0.0,0.0,0.0,0.0,11877.0,10435.0,15775.0,2129.0
187,2002,2,704,875,BALSAS,EL ORO,85.0,123.0,19.0,12.0,275.0,289.0,1144.0,1061.0,0.0,0.0,0.0,0.0,0.0,0.0,0.0,0.0,0.0,0.0,0.0,0.0,0.0,0.0,0.0,0.0,0.0,0.0,2291.0,2033.0,2769.0,239.0
188,2002,2,1603,880,SANTA CLARA,PASTAZA,26.0,28.0,4.0,5.0,104.0,101.0,728.0,595.0,0.0,0.0,0.0,0.0,0.0,0.0,0.0,0.0,0.0,0.0,0.0,0.0,0.0,0.0,0.0,0.0,0.0,0.0,1042.0,876.0,1528.0,63.0
189,2002,2,1604,881,ARAJUNO,PASTAZA,30.0,44.0,2.0,2.0,65.0,102.0,651.0,482.0,0.0,0.0,0.0,0.0,0.0,0.0,0.0,0.0,0.0,0.0,0.0,0.0,0.0,0.0,0.0,0.0,0.0,0.0,1241.0,1083.0,1300.0,78.0
190,2002,2,104,885,NABON,AZUAY,280.0,451.0,42.0,66.0,272.0,368.0,2699.0,2666.0,0.0,0.0,0.0,0.0,0.0,0.0,0.0,0.0,0.0,0.0,0.0,0.0,0.0,0.0,0.0,0.0,0.0,0.0,4830.0,4683.0,6005.0,839.0
191,2002,2,923,890,CORONEL MARCELINO MARIDUENA,GUAYAS,266.0,279.0,41.0,24.0,1044.0,1090.0,2007.0,1449.0,0.0,0.0,0.0,0.0,0.0,0.0,0.0,0.0,0.0,0.0,0.0,0.0,0.0,0.0,0.0,0.0,0.0,0.0,4651.0,3993.0,5590.0,610.0
192,2002,2,1708,895,PEDRO VICENTE MALDONADO,PICHINCHA,133.0,163.0,15.0,15.0,390.0,328.0,1595.0,1268.0,0.0,0.0,0.0,0.0,0.0,0.0,0.0,0.0,0.0,0.0,0.0,0.0,0.0,0.0,0.0,0.0,0.0,0.0,3078.0,2542.0,3581.0,326.0
193,2002,2,1709,896,PUERTO QUITO,PICHINCHA,233.0,240.0,24.0,25.0,685.0,647.0,1607.0,1257.0,0.0,0.0,0.0,0.0,0.0,0.0,0.0,0.0,0.0,0.0,0.0,0.0,0.0,0.0,0.0,0.0,0.0,0.0,3424.0,2834.0,4196.0,522.0
194,2002,2,610,900,CUMANDA,CHIMBORAZO,206.0,307.0,22.0,36.0,539.0,697.0,1819.0,1600.0,0.0,0.0,0.0,0.0,0.0,0.0,0.0,0.0,0.0,0.0,0.0,0.0,0.0,0.0,0.0,0.0,0.0,0.0,3778.0,3642.0,4655.0,571.0
195,2002,2,306,905,DELEG,CANAR,89.0,195.0,7.0,12.0,152.0,230.0,619.0,1047.0,0.0,0.0,0.0,0.0,0.0,0.0,0.0,0.0,0.0,0.0,0.0,0.0,0.0,0.0,0.0,0.0,0.0,0.0,3571.0,4093.0,2048.0,303.0
196,2002,2,1317,910,PEDERNALES,MANABI,695.0,774.0,73.0,183.0,4107.0,4168.0,2718.0,1738.0,0.0,0.0,0.0,0.0,0.0,0.0,0.0,0.0,0.0,0.0,0.0,0.0,0.0,0.0,0.0,0.0,0.0,0.0,12287.0,10383.0,12731.0,1725.0
197,2002,2,111,915,CHORDELEG,AZUAY,204.0,337.0,22.0,66.0,269.0,344.0,1252.0,1825.0,0.0,0.0,0.0,0.0,0.0,0.0,0.0,0.0,0.0,0.0,0.0,0.0,0.0,0.0,0.0,0.0,0.0,0.0,3600.0,3812.0,3690.0,629.0
198,2002,2,924,920,LOMAS DE SARGENTILLO,GUAYAS,214.0,326.0,40.0,63.0,2700.0,2582.0,718.0,465.0,0.0,0.0,0.0,0.0,0.0,0.0,0.0,0.0,0.0,0.0,0.0,0.0,0.0,0.0,0.0,0.0,0.0,0.0,4316.0,3924.0,6465.0,643.0
199,2002,2,1408,925,SAN JUAN BOSCO,MORONA SANTIAGO,22.0,41.0,6.0,6.0,56.0,53.0,445.0,439.0,0.0,0.0,0.0,0.0,0.0,0.0,0.0,0.0,0.0,0.0,0.0,0.0,0.0,0.0,0.0,0.0,0.0,0.0,956.0,835.0,993.0,75.0
200,2002,2,1409,926,TAISHA,MORONA SANTIAGO,78.0,96.0,8.0,9.0,65.0,35.0,1232.0,912.0,0.0,0.0,0.0,0.0,0.0,0.0,0.0,0.0,0.0,0.0,0.0,0.0,0.0,0.0,0.0,0.0,0.0,0.0,2979.0,2848.0,2244.0,191.0
201,2002,2,507,930,SIGCHOS,COTOPAXI,602.0,897.0,50.0,66.0,667.0,606.0,3188.0,2691.0,0.0,0.0,0.0,0.0,0.0,0.0,0.0,0.0,0.0,0.0,0.0,0.0,0.0,0.0,0.0,0.0,0.0,0.0,6396.0,6293.0,7152.0,1615.0
202,2002,2,2204,935,LORETO,ORELLANA,163.0,237.0,8.0,14.0,336.0,344.0,2067.0,1459.0,0.0,0.0,0.0,0.0,0.0,0.0,0.0,0.0,0.0,0.0,0.0,0.0,0.0,0.0,0.0,0.0,0.0,0.0,3389.0,2724.0,4206.0,422.0
203,2002,2,925,940,NOBOL,GUAYAS,243.0,254.0,47.0,26.0,2470.0,2521.0,855.0,645.0,0.0,0.0,0.0,0.0,0.0,0.0,0.0,0.0,0.0,0.0,0.0,0.0,0.0,0.0,0.0,0.0,0.0,0.0,4553.0,4187.0,6491.0,570.0
204,2002,2,1210,945,BUENA FE,LOS RIOS,955.0,1189.0,97.0,217.0,3549.0,4094.0,6385.0,4867.0,0.0,0.0,0.0,0.0,0.0,0.0,0.0,0.0,0.0,0.0,0.0,0.0,0.0,0.0,0.0,0.0,0.0,0.0,14367.0,13285.0,18895.0,2458.0
205,2002,2,1212,946,MOCACHE,LOS RIOS,611.0,704.0,68.0,128.0,2454.0,2591.0,3946.0,2896.0,0.0,0.0,0.0,0.0,0.0,0.0,0.0,0.0,0.0,0.0,0.0,0.0,0.0,0.0,0.0,0.0,0.0,0.0,9533.0,8339.0,11887.0,1511.0
206,2002,2,207,950,LAS NAVES,BOLIVAR,90.0,97.0,5.0,14.0,506.0,503.0,832.0,650.0,0.0,0.0,0.0,0.0,0.0,0.0,0.0,0.0,0.0,0.0,0.0,0.0,0.0,0.0,0.0,0.0,0.0,0.0,1977.0,1736.0,2491.0,206.0
207,2002,2,113,955,SEVILLA DE ORO,AZUAY,116.0,147.0,12.0,25.0,239.0,254.0,1008.0,1049.0,0.0,0.0,0.0,0.0,0.0,0.0,0.0,0.0,0.0,0.0,0.0,0.0,0.0,0.0,0.0,0.0,0.0,0.0,2284.0,2123.0,2550.0,300.0
208,2002,2,112,960,EL PAN,AZUAY,74.0,82.0,10.0,10.0,169.0,189.0,429.0,514.0,0.0,0.0,0.0,0.0,0.0,0.0,0.0,0.0,0.0,0.0,0.0,0.0,0.0,0.0,0.0,0.0,0.0,0.0,1344.0,1267.0,1301.0,176.0
209,2002,2,2402,965,LA LIBERTAD,GUAYAS,1055.0,1414.0,168.0,180.0,12644.0,13692.0,4437.0,3745.0,0.0,0.0,0.0,0.0,0.0,0.0,0.0,0.0,0.0,0.0,0.0,0.0,0.0,0.0,0.0,0.0,0.0,0.0,21788.0,22116.0,34518.0,2817.0
210,2002,2,1308,970,OLMEDO,MANABI,269.0,361.0,33.0,86.0,1488.0,1381.0,1526.0,875.0,0.0,0.0,0.0,0.0,0.0,0.0,0.0,0.0,0.0,0.0,0.0,0.0,0.0,0.0,0.0,0.0,0.0,0.0,4672.0,3911.0,5270.0,749.0
211,2002,2,1319,975,PUERTO LOPEZ,MANABI,279.0,402.0,31.0,54.0,3103.0,3019.0,1150.0,710.0,0.0,0.0,0.0,0.0,0.0,0.0,0.0,0.0,0.0,0.0,0.0,0.0,0.0,0.0,0.0,0.0,0.0,0.0,5694.0,5068.0,7982.0,766.0
212,2002,2,1907,980,CENTINELA DEL CONDOR,ZAMORA CHINCHIPE,61.0,76.0,10.0,13.0,409.0,473.0,922.0,850.0,0.0,0.0,0.0,0.0,0.0,0.0,0.0,0.0,0.0,0.0,0.0,0.0,0.0,0.0,0.0,0.0,0.0,0.0,2489.0,2270.0,2654.0,160.0
213,2002,2,927,985,GENERAL ANTONIO ELIZALDE,GUAYAS,142.0,194.0,17.0,19.0,727.0,676.0,1225.0,1045.0,0.0,0.0,0.0,0.0,0.0,0.0,0.0,0.0,0.0,0.0,0.0,0.0,0.0,0.0,0.0,0.0,0.0,0.0,3076.0,2789.0,3673.0,372.0
214,2002,2,928,986,ISIDRO AYORA,GUAYAS,183.0,222.0,23.0,26.0,1312.0,1263.0,630.0,391.0,0.0,0.0,0.0,0.0,0.0,0.0,0.0,0.0,0.0,0.0,0.0,0.0,0.0,0.0,0.0,0.0,0.0,0.0,2424.0,2156.0,3596.0,454.0
215,2002,2,114,990,GUACHAPALA,AZUAY,80.0,110.0,5.0,6.0,109.0,148.0,497.0,584.0,0.0,0.0,0.0,0.0,0.0,0.0,0.0,0.0,0.0,0.0,0.0,0.0,0.0,0.0,0.0,0.0,0.0,0.0,1104.0,1192.0,1338.0,201.0
216,2002,2,406,995,SAN PEDRO DE HUACA,CARCHI,153.0,229.0,13.0,8.0,851.0,873.0,1117.0,929.0,0.0,0.0,0.0,0.0,0.0,0.0,0.0,0.0,0.0,0.0,0.0,0.0,0.0,0.0,0.0,0.0,0.0,0.0,2603.0,2507.0,3770.0,403.0
217,2002,1,401,5,TULCAN,CARCHI,1260.0,1326.0,470.0,619.0,5924.0,6090.0,3580.0,3614.0,3566.0,3460.0,238.0,280.0,76.0,56.0,271.0,303.0,1466.0,1807.0,773.0,810.0,224.0,336.0,231.0,402.0,978.0,826.0,26308.0,26757.0,35311.0,3675.0
218,2002,1,405,10,MONTUFAR,CARCHI,681.0,648.0,224.0,306.0,1806.0,1805.0,1513.0,1450.0,1868.0,1953.0,59.0,55.0,31.0,28.0,93.0,87.0,547.0,659.0,237.0,317.0,62.0,75.0,80.0,131.0,628.0,584.0,10646.0,11151.0,14068.0,1859.0
219,2002,1,403,15,ESPEJO,CARCHI,313.0,389.0,102.0,146.0,788.0,754.0,767.0,816.0,662.0,742.0,31.0,25.0,17.0,10.0,45.0,39.0,337.0,360.0,140.0,190.0,24.0,24.0,39.0,84.0,371.0,327.0,5195.0,5475.0,6592.0,950.0
220,2002,1,404,20,MIRA,CARCHI,326.0,395.0,179.0,176.0,470.0,426.0,605.0,469.0,600.0,626.0,38.0,23.0,8.0,11.0,24.0,24.0,220.0,284.0,60.0,84.0,14.0,11.0,17.0,40.0,411.0,362.0,4530.0,4469.0,4827.0,1076.0
221,2002,1,402,25,BOLIVAR,CARCHI,350.0,377.0,206.0,219.0,842.0,749.0,596.0,510.0,818.0,775.0,25.0,28.0,15.0,10.0,66.0,50.0,204.0,251.0,130.0,119.0,33.0,26.0,37.0,87.0,292.0,191.0,5210.0,5034.0,5854.0,1152.0
222,2002,1,1001,30,IBARRA,IMBABURA,3069.0,3669.0,1000.0,1192.0,7177.0,7882.0,8114.0,8080.0,5760.0,6213.0,1637.0,1744.0,260.0,183.0,540.0,667.0,4177.0,5190.0,1394.0,1351.0,491.0,490.0,465.0,1048.0,1426.0,1286.0,51198.0,55498.0,65575.0,8930.0
223,2002,1,1004,35,OTAVALO,IMBABURA,2392.0,3582.0,808.0,1390.0,3549.0,3722.0,4213.0,4068.0,3022.0,3337.0,402.0,425.0,484.0,459.0,154.0,215.0,1305.0,1864.0,562.0,659.0,143.0,209.0,142.0,357.0,858.0,882.0,29692.0,32786.0,31031.0,8172.0
224,2002,1,1003,40,COTACACHI,IMBABURA,1104.0,1185.0,651.0,576.0,1237.0,1148.0,1731.0,1509.0,1091.0,1099.0,124.0,134.0,84.0,65.0,41.0,64.0,710.0,796.0,313.0,295.0,71.0,121.0,80.0,119.0,388.0,254.0,12337.0,12092.0,11474.0,3516.0
225,2002,1,1002,45,ANTONIO ANTE,IMBABURA,951.0,1013.0,274.0,373.0,1681.0,1812.0,2263.0,2384.0,1243.0,1372.0,292.0,288.0,81.0,56.0,94.0,105.0,712.0,1025.0,314.0,358.0,76.0,60.0,133.0,264.0,399.0,314.0,11694.0,12791.0,15326.0,2611.0
226,2002,1,1005,50,PIMAMPIRO,IMBABURA,476.0,589.0,198.0,213.0,739.0,651.0,824.0,610.0,786.0,735.0,37.0,54.0,34.0,18.0,30.0,30.0,258.0,314.0,120.0,101.0,20.0,15.0,24.0,55.0,267.0,185.0,5753.0,5560.0,5907.0,1476.0
227,2002,1,1006,55,SAN MIGUEL DE URCUQUI,IMBABURA,469.0,522.0,277.0,274.0,905.0,802.0,630.0,498.0,693.0,688.0,35.0,46.0,33.0,18.0,23.0,33.0,200.0,207.0,153.0,139.0,22.0,26.0,33.0,78.0,258.0,186.0,5381.0,5322.0,5706.0,1542.0
228,2002,1,1701,60,DISTRITO METROPOLITANO DE QUITO,PICHINCHA,28843.0,32191.0,6717.0,8457.0,37532.0,34460.0,87546.0,82527.0,118338.0,138596.0,18572.0,17522.0,3077.0,2741.0,9249.0,10358.0,60444.0,76870.0,17825.0,18389.0,12273.0,10665.0,5436.0,10314.0,8036.0,5508.0,592922.0,643342.0,786278.0,76208.0
229,2002,1,1702,65,CAYAMBE,PICHINCHA,1298.0,1877.0,745.0,1199.0,1937.0,1888.0,4798.0,4388.0,3637.0,3799.0,275.0,256.0,98.0,146.0,111.0,156.0,962.0,1105.0,409.0,462.0,151.0,161.0,114.0,241.0,372.0,338.0,19542.0,20830.0,25804.0,5119.0
230,2002,1,1703,70,MEJIA,PICHINCHA,1042.0,1450.0,395.0,598.0,1789.0,1627.0,4677.0,4607.0,2924.0,3276.0,333.0,316.0,119.0,101.0,117.0,137.0,1395.0,1718.0,426.0,385.0,300.0,258.0,158.0,330.0,416.0,300.0,18726.0,19870.0,25709.0,3485.0
231,2002,1,1704,75,PEDRO MONCAYO,PICHINCHA,480.0,541.0,201.0,412.0,653.0,697.0,953.0,822.0,1720.0,1762.0,59.0,72.0,46.0,28.0,46.0,54.0,411.0,509.0,116.0,123.0,81.0,56.0,46.0,114.0,141.0,132.0,6596.0,7077.0,8641.0,1634.0
232,2002,1,1705,80,RUMINAHUI,PICHINCHA,975.0,1106.0,259.0,256.0,1907.0,1813.0,4080.0,3912.0,3840.0,4212.0,624.0,544.0,92.0,99.0,315.0,330.0,2470.0,3073.0,868.0,916.0,408.0,341.0,195.0,403.0,306.0,206.0,21161.0,22415.0,30954.0,2596.0
233,2002,1,2301,85,SANTO DOMINGO,PICHINCHA,5207.0,6399.0,2977.0,2736.0,9841.0,9096.0,15693.0,12012.0,6008.0,5928.0,1007.0,832.0,404.0,306.0,471.0,417.0,8449.0,10384.0,2844.0,2358.0,683.0,729.0,677.0,1832.0,5640.0,4659.0,100727.0,95013.0,100270.0,17319.0
234,2002,1,1809,90,TISALEO,TUNGURAHUA,223.0,311.0,70.0,93.0,302.0,287.0,1387.0,1304.0,243.0,280.0,72.0,60.0,14.0,10.0,15.0,12.0,126.0,151.0,99.0,103.0,19.0,13.0,20.0,42.0,139.0,110.0,3585.0,3675.0,4808.0,697.0
235,2002,1,903,95,BALAO,GUAYAS,208.0,198.0,211.0,117.0,255.0,196.0,446.0,273.0,241.0,257.0,10.0,9.0,13.0,9.0,7.0,5.0,463.0,550.0,233.0,207.0,8.0,10.0,19.0,30.0,817.0,677.0,4518.0,3728.0,4735.0,734.0
236,2002,1,501,100,LATACUNGA,COTOPAXI,3539.0,4995.0,1461.0,2907.0,4859.0,5040.0,14586.0,14712.0,4027.0,4449.0,939.0,1011.0,486.0,419.0,252.0,275.0,2646.0,3089.0,1299.0,1384.0,315.0,388.0,297.0,630.0,1562.0,1323.0,48028.0,54340.0,63988.0,12902.0
237,2002,1,504,105,PUJILI,COTOPAXI,1997.0,2864.0,1214.0,2215.0,979.0,905.0,4891.0,4301.0,1509.0,1567.0,144.0,195.0,698.0,638.0,49.0,93.0,446.0,559.0,271.0,287.0,154.0,219.0,63.0,132.0,379.0,365.0,20450.0,22226.0,18844.0,8290.0
238,2002,1,505,110,SALCEDO,COTOPAXI,1580.0,2176.0,609.0,1305.0,1419.0,1442.0,5062.0,4837.0,1450.0,1545.0,276.0,331.0,412.0,362.0,59.0,84.0,673.0,846.0,268.0,284.0,94.0,135.0,94.0,195.0,806.0,729.0,18194.0,19820.0,21403.0,5670.0
239,2002,1,506,115,SAQUISILI,COTOPAXI,609.0,774.0,313.0,617.0,539.0,534.0,1817.0,1686.0,302.0,282.0,39.0,53.0,275.0,227.0,15.0,20.0,190.0,227.0,96.0,96.0,34.0,38.0,14.0,39.0,130.0,113.0,6138.0,6855.0,6766.0,2313.0
240,2002,1,503,120,PANGUA,COTOPAXI,528.0,575.0,297.0,410.0,569.0,490.0,885.0,587.0,295.0,240.0,19.0,10.0,30.0,19.0,9.0,10.0,87.0,106.0,308.0,281.0,109.0,99.0,9.0,39.0,204.0,156.0,5863.0,5223.0,4561.0,1810.0
241,2002,1,905,125,COLIMES,GUAYAS,399.0,422.0,633.0,445.0,797.0,542.0,261.0,117.0,186.0,129.0,88.0,41.0,5.0,7.0,12.0,6.0,208.0,260.0,663.0,600.0,12.0,20.0,23.0,41.0,830.0,598.0,6053.0,4830.0,5446.0,1899.0
242,2002,1,1903,130,NANGARITZA,ZAMORA CHINCHIPE,58.0,51.0,102.0,145.0,124.0,108.0,271.0,178.0,34.0,20.0,1.0,0.0,5.0,7.0,3.0,8.0,131.0,137.0,46.0,40.0,3.0,3.0,10.0,8.0,119.0,74.0,1464.0,1166.0,1330.0,356.0
243,2002,1,1801,135,AMBATO,TUNGURAHUA,6365.0,8701.0,1878.0,3241.0,7799.0,8020.0,21808.0,19133.0,8148.0,9197.0,6150.0,6960.0,1189.0,882.0,877.0,1073.0,6755.0,8604.0,3816.0,4163.0,893.0,911.0,775.0,1639.0,2693.0,2168.0,101877.0,108848.0,123653.0,20185.0
244,2002,1,1807,140,SAN PEDRO DE PELILEO,TUNGURAHUA,1355.0,1856.0,479.0,709.0,1823.0,1722.0,4773.0,4228.0,1120.0,1146.0,313.0,295.0,119.0,100.0,57.0,85.0,688.0,772.0,481.0,532.0,79.0,101.0,94.0,168.0,1009.0,973.0,16489.0,17141.0,20678.0,4399.0
245,2002,1,1808,145,SANTIAGO DE PILLARO,TUNGURAHUA,1128.0,1563.0,482.0,696.0,1236.0,1274.0,4014.0,3935.0,1208.0,1269.0,214.0,219.0,101.0,77.0,87.0,76.0,392.0,440.0,329.0,351.0,49.0,78.0,69.0,206.0,559.0,407.0,13818.0,14525.0,16590.0,3869.0
246,2002,1,1802,150,BANOS DE AGUA SANTA,TUNGURAHUA,394.0,486.0,181.0,158.0,591.0,622.0,2057.0,1817.0,642.0,698.0,98.0,114.0,27.0,15.0,64.0,58.0,307.0,416.0,145.0,141.0,31.0,36.0,50.0,104.0,225.0,193.0,6744.0,6467.0,8451.0,1219.0
247,2002,1,1805,155,PATATE,TUNGURAHUA,359.0,364.0,122.0,167.0,434.0,375.0,1050.0,913.0,455.0,439.0,65.0,48.0,16.0,11.0,31.0,31.0,172.0,186.0,95.0,116.0,33.0,39.0,31.0,39.0,145.0,110.0,4045.0,3827.0,4834.0,1012.0
248,2002,1,1806,160,QUERO,TUNGURAHUA,538.0,704.0,230.0,323.0,783.0,718.0,1661.0,1400.0,351.0,323.0,113.0,96.0,38.0,33.0,60.0,49.0,223.0,298.0,193.0,171.0,22.0,43.0,37.0,90.0,466.0,390.0,6120.0,6038.0,7558.0,1795.0
249,2002,1,201,165,GUARANDA,BOLIVAR,2059.0,2709.0,1379.0,1773.0,897.0,900.0,5425.0,4039.0,2194.0,2260.0,153.0,196.0,455.0,409.0,113.0,148.0,774.0,1043.0,625.0,590.0,2030.0,2207.0,191.0,242.0,813.0,829.0,28519.0,30690.0,26533.0,7920.0
250,2002,1,203,170,CHIMBO,BOLIVAR,324.0,417.0,203.0,197.0,334.0,296.0,1023.0,867.0,399.0,463.0,39.0,34.0,25.0,15.0,26.0,18.0,229.0,309.0,261.0,264.0,345.0,321.0,27.0,35.0,226.0,164.0,5928.0,6153.0,5720.0,1141.0
251,2002,1,205,175,SAN MIGUEL,BOLIVAR,659.0,744.0,484.0,418.0,614.0,571.0,2259.0,2006.0,744.0,776.0,59.0,59.0,55.0,28.0,31.0,45.0,485.0,715.0,319.0,330.0,378.0,448.0,30.0,56.0,361.0,292.0,10638.0,11081.0,10661.0,2305.0
252,2002,1,202,180,CHILLANES,BOLIVAR,418.0,579.0,332.0,301.0,273.0,265.0,1105.0,872.0,766.0,796.0,20.0,10.0,89.0,44.0,8.0,13.0,63.0,87.0,320.0,310.0,65.0,72.0,17.0,21.0,515.0,416.0,6489.0,6342.0,6147.0,1630.0
253,2002,1,204,185,ECHEANDIA,BOLIVAR,299.0,462.0,277.0,240.0,371.0,314.0,1431.0,966.0,242.0,234.0,9.0,10.0,7.0,8.0,12.0,15.0,82.0,102.0,242.0,231.0,119.0,121.0,8.0,22.0,246.0,214.0,4856.0,4432.0,5006.0,1278.0
254,2002,1,604,190,CHAMBO,CHIMBORAZO,262.0,393.0,114.0,257.0,339.0,345.0,1022.0,1005.0,170.0,195.0,43.0,67.0,20.0,17.0,124.0,105.0,76.0,90.0,148.0,207.0,9.0,12.0,13.0,26.0,170.0,145.0,3639.0,3952.0,4348.0,1026.0
255,2002,1,601,195,RIOBAMBA,CHIMBORAZO,3944.0,6108.0,1579.0,2969.0,5287.0,5832.0,14075.0,14497.0,5329.0,5851.0,2773.0,3214.0,1156.0,1031.0,1182.0,1384.0,4249.0,5494.0,1778.0,2002.0,367.0,520.0,346.0,676.0,2180.0,2177.0,66417.0,75958.0,81400.0,14600.0
256,2002,1,607,200,GUANO,CHIMBORAZO,934.0,1583.0,542.0,934.0,993.0,1054.0,3679.0,3556.0,886.0,931.0,210.0,215.0,79.0,62.0,97.0,98.0,387.0,457.0,245.0,301.0,69.0,62.0,40.0,75.0,403.0,372.0,12787.0,14515.0,14271.0,3993.0
257,2002,1,603,205,COLTA,CHIMBORAZO,1516.0,2224.0,1024.0,1898.0,1216.0,807.0,3291.0,2077.0,731.0,551.0,94.0,147.0,1702.0,1381.0,95.0,154.0,270.0,294.0,230.0,278.0,63.0,195.0,31.0,69.0,571.0,537.0,18870.0,19781.0,14784.0,6662.0
258,2002,1,606,210,GUAMOTE,CHIMBORAZO,974.0,1636.0,812.0,1431.0,560.0,422.0,3409.0,2376.0,316.0,269.0,44.0,97.0,693.0,674.0,44.0,81.0,101.0,166.0,104.0,195.0,62.0,126.0,29.0,60.0,315.0,315.0,10713.0,10915.0,10458.0,4853.0
259,2002,1,602,215,ALAUSI,CHIMBORAZO,1311.0,2008.0,1150.0,1812.0,616.0,612.0,1458.0,1126.0,1000.0,975.0,104.0,170.0,539.0,478.0,83.0,109.0,317.0,493.0,231.0,225.0,72.0,102.0,54.0,95.0,614.0,566.0,14967.0,15158.0,10039.0,6281.0
260,2002,1,605,220,CHUNCHI,CHIMBORAZO,280.0,443.0,294.0,534.0,221.0,230.0,361.0,353.0,293.0,313.0,23.0,28.0,17.0,18.0,27.0,31.0,110.0,147.0,174.0,205.0,16.0,29.0,11.0,33.0,385.0,446.0,5015.0,4943.0,3471.0,1551.0
261,2002,1,609,225,PENIPE,CHIMBORAZO,212.0,235.0,112.0,120.0,227.0,210.0,703.0,691.0,220.0,223.0,35.0,40.0,6.0,5.0,56.0,39.0,137.0,173.0,69.0,67.0,10.0,7.0,18.0,15.0,173.0,180.0,2932.0,2986.0,3304.0,679.0
262,2002,1,1305,230,FLAVIO ALFARO,MANABI,607.0,739.0,464.0,335.0,623.0,459.0,211.0,113.0,725.0,481.0,51.0,44.0,16.0,5.0,20.0,20.0,487.0,818.0,647.0,499.0,23.0,22.0,9.0,30.0,1420.0,949.0,8951.0,7771.0,7672.0,2145.0
263,2002,1,301,235,AZOGUES,CANAR,978.0,1898.0,411.0,947.0,1464.0,2114.0,3401.0,4915.0,1829.0,2833.0,930.0,1175.0,87.0,125.0,109.0,171.0,698.0,1164.0,729.0,1009.0,58.0,85.0,106.0,213.0,712.0,778.0,26255.0,28914.0,24705.0,4234.0
264,2002,1,303,240,CANAR,CANAR,1120.0,1752.0,715.0,1173.0,916.0,1207.0,2192.0,2726.0,928.0,1207.0,753.0,998.0,279.0,347.0,122.0,164.0,278.0,389.0,973.0,1240.0,46.0,62.0,63.0,57.0,557.0,636.0,20157.0,20063.0,16140.0,4760.0
265,2002,1,307,241,SUSCAL,CANAR,97.0,185.0,126.0,256.0,154.0,141.0,337.0,351.0,91.0,81.0,22.0,28.0,21.0,13.0,4.0,6.0,39.0,33.0,27.0,25.0,1.0,11.0,6.0,65.0,52.0,41.0,2399.0,2120.0,1549.0,664.0
266,2002,1,302,245,BIBLIAN,CANAR,320.0,676.0,198.0,266.0,425.0,665.0,915.0,1493.0,508.0,846.0,113.0,161.0,32.0,62.0,30.0,46.0,120.0,220.0,274.0,460.0,11.0,22.0,20.0,60.0,124.0,171.0,9537.0,10015.0,6778.0,1460.0
267,2002,1,304,250,LA TRONCAL,CANAR,677.0,826.0,349.0,309.0,722.0,691.0,2620.0,2266.0,509.0,589.0,68.0,90.0,112.0,123.0,59.0,44.0,382.0,494.0,438.0,481.0,18.0,17.0,68.0,147.0,1482.0,1559.0,13418.0,12096.0,12979.0,2161.0
268,2002,1,1504,255,EL CHACO,NAPO,82.0,86.0,64.0,67.0,119.0,75.0,877.0,745.0,96.0,66.0,3.0,4.0,5.0,3.0,11.0,16.0,28.0,19.0,44.0,32.0,4.0,3.0,7.0,6.0,37.0,32.0,1816.0,1622.0,2232.0,299.0
269,2002,1,101,260,CUENCA,AZUAY,5713.0,7781.0,2130.0,3507.0,6950.0,7463.0,15861.0,16125.0,25056.0,35251.0,6037.0,5488.0,444.0,448.0,1212.0,1404.0,11845.0,14624.0,3716.0,3980.0,523.0,629.0,1064.0,2065.0,3195.0,2760.0,139212.0,150436.0,166140.0,19131.0
270,2002,1,103,265,GUALACEO,AZUAY,754.0,1248.0,449.0,1023.0,612.0,743.0,1231.0,1420.0,1656.0,2701.0,47.0,79.0,62.0,60.0,58.0,67.0,356.0,541.0,193.0,258.0,77.0,57.0,49.0,128.0,327.0,417.0,13642.0,14161.0,11139.0,3474.0
271,2002,1,102,270,GIRON,AZUAY,191.0,354.0,176.0,308.0,328.0,391.0,553.0,695.0,480.0,629.0,25.0,25.0,10.0,11.0,11.0,15.0,93.0,172.0,127.0,141.0,20.0,68.0,20.0,34.0,88.0,118.0,5727.0,5873.0,4054.0,1029.0
272,2002,1,105,275,PAUTE,AZUAY,454.0,788.0,272.0,503.0,394.0,409.0,992.0,1071.0,1113.0,1502.0,61.0,60.0,25.0,22.0,9.0,18.0,208.0,254.0,304.0,433.0,12.0,29.0,29.0,74.0,250.0,273.0,8379.0,8693.0,7542.0,2017.0
273,2002,1,109,280,SIGSIG,AZUAY,397.0,783.0,359.0,735.0,265.0,389.0,960.0,1319.0,1152.0,2008.0,65.0,79.0,27.0,23.0,28.0,31.0,191.0,406.0,89.0,173.0,25.0,55.0,32.0,73.0,232.0,252.0,8616.0,9694.0,7874.0,2274.0
274,2002,1,108,285,SANTA ISABEL,AZUAY,310.0,452.0,234.0,359.0,336.0,354.0,1031.0,1035.0,564.0,682.0,51.0,46.0,17.0,35.0,18.0,15.0,188.0,308.0,297.0,293.0,28.0,37.0,23.0,44.0,421.0,419.0,6714.0,6402.0,6242.0,1355.0
275,2002,1,1103,290,CATAMAYO,LOJA,319.0,386.0,221.0,217.0,907.0,876.0,1061.0,1043.0,383.0,424.0,34.0,27.0,8.0,5.0,30.0,19.0,824.0,1168.0,278.0,272.0,17.0,12.0,35.0,55.0,727.0,657.0,8509.0,8662.0,8862.0,1143.0
276,2002,1,1113,295,ZAPOTILLO,LOJA,143.0,182.0,229.0,184.0,194.0,120.0,137.0,93.0,257.0,190.0,10.0,2.0,2.0,2.0,9.0,4.0,351.0,363.0,257.0,222.0,5.0,5.0,10.0,15.0,430.0,308.0,3601.0,3145.0,2986.0,738.0
277,2002,1,1101,300,LOJA,LOJA,2137.0,2806.0,1207.0,1536.0,4322.0,4793.0,9613.0,9943.0,4463.0,5135.0,978.0,923.0,96.0,64.0,273.0,321.0,8166.0,11408.0,2317.0,2430.0,179.0,195.0,336.0,666.0,1954.0,1957.0,58198.0,65137.0,70532.0,7686.0
278,2002,1,1111,305,SARAGURO,LOJA,440.0,638.0,345.0,506.0,438.0,425.0,1780.0,1757.0,632.0,576.0,33.0,26.0,26.0,37.0,11.0,21.0,240.0,284.0,335.0,384.0,15.0,21.0,18.0,41.0,254.0,211.0,9098.0,9625.0,7565.0,1929.0
279,2002,1,1109,310,PALTAS,LOJA,346.0,372.0,319.0,310.0,609.0,584.0,1323.0,1305.0,480.0,448.0,28.0,18.0,9.0,4.0,34.0,28.0,470.0,649.0,444.0,467.0,16.0,7.0,41.0,46.0,467.0,392.0,8910.0,8845.0,7869.0,1347.0
280,2002,1,1116,311,OLMEDO,LOJA,117.0,114.0,152.0,125.0,123.0,94.0,280.0,236.0,78.0,71.0,7.0,2.0,6.0,3.0,5.0,7.0,102.0,108.0,179.0,192.0,4.0,6.0,13.0,11.0,136.0,120.0,2249.0,2074.0,1783.0,508.0
281,2002,1,1104,315,CELICA,LOJA,155.0,207.0,204.0,209.0,177.0,134.0,588.0,569.0,243.0,230.0,6.0,2.0,2.0,3.0,12.0,6.0,524.0,613.0,241.0,234.0,13.0,10.0,14.0,22.0,173.0,109.0,4438.0,4548.0,3925.0,775.0
282,2002,1,1102,320,CALVAS,LOJA,381.0,505.0,453.0,494.0,628.0,686.0,848.0,881.0,565.0,611.0,54.0,36.0,13.0,7.0,20.0,31.0,664.0,765.0,453.0,445.0,11.0,17.0,41.0,89.0,540.0,553.0,10612.0,10702.0,7958.0,1833.0
283,2002,1,1108,325,MACARA,LOJA,203.0,232.0,221.0,255.0,325.0,294.0,467.0,438.0,756.0,800.0,15.0,13.0,2.0,4.0,30.0,20.0,398.0,450.0,113.0,109.0,8.0,5.0,168.0,224.0,710.0,569.0,6935.0,6498.0,5918.0,911.0
284,2002,1,1110,330,PUYANGO,LOJA,238.0,290.0,382.0,365.0,215.0,181.0,756.0,730.0,315.0,288.0,16.0,8.0,9.0,6.0,11.0,15.0,472.0,570.0,287.0,244.0,7.0,7.0,106.0,107.0,298.0,227.0,6215.0,6108.0,4875.0,1275.0
285,2002,1,1107,335,GONZANAMA,LOJA,256.0,336.0,266.0,258.0,477.0,379.0,338.0,345.0,261.0,286.0,19.0,12.0,6.0,6.0,24.0,21.0,544.0,629.0,403.0,362.0,5.0,4.0,45.0,53.0,162.0,131.0,5632.0,5404.0,4512.0,1116.0
286,2002,1,1106,340,ESPINDOLA,LOJA,176.0,227.0,384.0,421.0,293.0,290.0,361.0,235.0,323.0,327.0,13.0,12.0,3.0,8.0,23.0,19.0,410.0,400.0,243.0,253.0,4.0,10.0,70.0,69.0,200.0,143.0,5674.0,5436.0,3709.0,1208.0
287,2002,1,1112,345,SOZORANGA,LOJA,86.0,130.0,149.0,185.0,134.0,150.0,109.0,97.0,132.0,146.0,6.0,7.0,5.0,2.0,6.0,8.0,115.0,164.0,288.0,302.0,3.0,2.0,12.0,32.0,43.0,48.0,2883.0,2590.0,1811.0,550.0
288,2002,1,701,350,MACHALA,EL ORO,2795.0,3517.0,1046.0,921.0,4592.0,4080.0,12007.0,10180.0,1740.0,1858.0,1244.0,957.0,143.0,160.0,234.0,232.0,9538.0,12036.0,3803.0,3894.0,222.0,210.0,494.0,1197.0,6860.0,6478.0,71441.0,70497.0,82159.0,8279.0
289,2002,1,712,355,SANTA ROSA,EL ORO,752.0,1043.0,380.0,313.0,1430.0,1439.0,3645.0,3418.0,485.0,565.0,184.0,137.0,59.0,22.0,52.0,55.0,1774.0,2412.0,739.0,785.0,29.0,17.0,138.0,265.0,3074.0,2594.0,21507.0,20465.0,23318.0,2488.0
290,2002,1,713,360,ZARUMA,EL ORO,398.0,494.0,237.0,249.0,427.0,366.0,966.0,635.0,644.0,578.0,95.0,62.0,19.0,15.0,48.0,32.0,1382.0,1741.0,400.0,335.0,11.0,56.0,39.0,62.0,585.0,457.0,9161.0,8684.0,8955.0,1378.0
291,2002,1,709,365,PASAJE,EL ORO,1121.0,1525.0,532.0,426.0,1440.0,1272.0,3848.0,3123.0,804.0,754.0,321.0,248.0,46.0,19.0,65.0,84.0,2223.0,2903.0,1063.0,1052.0,78.0,53.0,126.0,280.0,3616.0,2777.0,25033.0,23306.0,26195.0,3604.0
292,2002,1,710,370,PINAS,EL ORO,394.0,492.0,239.0,209.0,323.0,332.0,1057.0,789.0,515.0,546.0,67.0,53.0,26.0,19.0,46.0,48.0,1240.0,1767.0,392.0,361.0,15.0,12.0,35.0,72.0,700.0,546.0,9274.0,8784.0,8961.0,1334.0
293,2002,1,702,375,ARENILLAS,EL ORO,259.0,343.0,177.0,158.0,449.0,371.0,1514.0,1414.0,237.0,226.0,77.0,68.0,16.0,4.0,22.0,20.0,529.0,632.0,319.0,280.0,9.0,3.0,29.0,76.0,937.0,775.0,7165.0,6701.0,8007.0,937.0
294,2002,1,706,380,EL GUABO,EL ORO,523.0,660.0,288.0,224.0,417.0,318.0,1473.0,1099.0,333.0,256.0,62.0,60.0,41.0,28.0,24.0,16.0,912.0,1178.0,806.0,940.0,19.0,12.0,56.0,102.0,3736.0,2918.0,13749.0,11185.0,14806.0,1695.0
295,2002,1,908,385,EL EMPALME,GUAYAS,1246.0,1451.0,1044.0,1007.0,3169.0,2776.0,1304.0,948.0,338.0,332.0,130.0,95.0,26.0,29.0,23.0,18.0,881.0,1217.0,2256.0,2299.0,36.0,37.0,90.0,239.0,2440.0,1887.0,23441.0,21326.0,20570.0,4748.0
296,2002,1,901,390,GUAYAQUIL,GUAYAS,27437.0,35961.0,9861.0,9264.0,95497.0,85956.0,41341.0,28076.0,14830.0,15322.0,17399.0,14327.0,1386.0,922.0,1450.0,1580.0,64479.0,77302.0,104098.0,130899.0,1340.0,1157.0,5845.0,10527.0,45281.0,42867.0,657026.0,705667.0,801881.0,82523.0
297,2002,1,920,395,SAN JACINTO DE YAGUACHI,GUAYAS,711.0,836.0,519.0,392.0,1656.0,1499.0,1141.0,855.0,247.0,275.0,98.0,102.0,23.0,11.0,12.0,16.0,465.0,627.0,1152.0,1370.0,38.0,22.0,61.0,149.0,2087.0,1854.0,13422.0,12293.0,13760.0,2458.0
298,2002,1,906,400,DAULE,GUAYAS,2436.0,2775.0,2046.0,1717.0,6534.0,5755.0,1432.0,966.0,455.0,402.0,216.0,188.0,69.0,55.0,53.0,34.0,1055.0,1488.0,5025.0,5768.0,70.0,69.0,174.0,257.0,4364.0,3361.0,34930.0,32480.0,37790.0,8974.0
299,2002,1,2403,405,SALINAS,GUAYAS,525.0,805.0,288.0,341.0,3367.0,3148.0,355.0,277.0,522.0,550.0,122.0,71.0,30.0,15.0,29.0,29.0,2089.0,2600.0,1496.0,1609.0,9.0,15.0,73.0,89.0,904.0,777.0,12591.0,12524.0,18176.0,1959.0
300,2002,1,2401,410,SANTA ELENA,GUAYAS,1778.0,2485.0,1479.0,1858.0,7019.0,5826.0,918.0,565.0,1261.0,1137.0,227.0,168.0,184.0,133.0,82.0,91.0,6017.0,6762.0,2263.0,2509.0,99.0,56.0,167.0,247.0,4848.0,3753.0,33362.0,31857.0,44332.0,7600.0
301,2002,1,904,415,BALZAR,GUAYAS,1048.0,1369.0,1177.0,846.0,2285.0,1862.0,1024.0,609.0,347.0,377.0,116.0,97.0,16.0,35.0,33.0,30.0,881.0,1019.0,1651.0,1836.0,35.0,47.0,81.0,169.0,2530.0,1821.0,18295.0,16564.0,16901.0,4440.0
302,2002,1,910,420,MILAGRO,GUAYAS,2655.0,3659.0,1567.0,1169.0,6979.0,7338.0,8403.0,6401.0,1010.0,1089.0,819.0,769.0,110.0,82.0,121.0,122.0,2908.0,3713.0,3943.0,4491.0,114.0,89.0,377.0,749.0,6695.0,6250.0,54435.0,54114.0,62572.0,9050.0
303,2002,1,916,425,SAMBORONDON,GUAYAS,728.0,807.0,679.0,411.0,1748.0,1439.0,502.0,294.0,690.0,503.0,109.0,97.0,21.0,13.0,41.0,33.0,499.0,695.0,2709.0,3054.0,22.0,7.0,63.0,116.0,1942.0,1489.0,13253.0,11774.0,16086.0,2625.0
304,2002,1,919,430,SALITRE,GUAYAS,1001.0,1093.0,1295.0,820.0,2318.0,1889.0,815.0,510.0,350.0,289.0,73.0,66.0,27.0,29.0,21.0,24.0,504.0,659.0,1552.0,1662.0,38.0,25.0,56.0,107.0,2741.0,1885.0,16609.0,13879.0,15640.0,4209.0
305,2002,1,911,435,NARANJAL,GUAYAS,717.0,824.0,643.0,477.0,1258.0,1219.0,2339.0,1759.0,306.0,267.0,115.0,116.0,27.0,19.0,24.0,32.0,590.0,805.0,981.0,987.0,40.0,28.0,74.0,124.0,2610.0,2305.0,16067.0,13739.0,16025.0,2661.0
306,2002,1,1301,440,PORTOVIEJO,MANABI,4500.0,6007.0,2586.0,2255.0,10667.0,11612.0,2919.0,2510.0,2994.0,3399.0,6602.0,6060.0,70.0,90.0,288.0,327.0,6392.0,8586.0,5075.0,5876.0,264.0,284.0,450.0,986.0,11750.0,10416.0,84714.0,88196.0,97617.0,15348.0
307,2002,1,1309,445,MONTECRISTI,MANABI,936.0,1360.0,565.0,599.0,2899.0,2490.0,528.0,339.0,331.0,339.0,296.0,218.0,33.0,23.0,66.0,60.0,854.0,894.0,1494.0,1565.0,27.0,37.0,165.0,251.0,1740.0,1695.0,14636.0,14267.0,16344.0,3460.0
308,2002,1,1321,446,JARAMIJO,MANABI,100.0,157.0,223.0,161.0,1024.0,1079.0,58.0,36.0,45.0,52.0,33.0,17.0,1.0,6.0,6.0,3.0,239.0,330.0,265.0,296.0,1.0,3.0,25.0,35.0,517.0,496.0,3579.0,3299.0,4567.0,641.0
309,2002,1,1308,450,MANTA,MANABI,2921.0,3770.0,1437.0,1452.0,12039.0,12341.0,2462.0,1593.0,2188.0,2308.0,2322.0,1932.0,126.0,102.0,215.0,211.0,8520.0,10756.0,2628.0,2809.0,143.0,138.0,747.0,1352.0,5930.0,5650.0,63996.0,66477.0,76512.0,9580.0
310,2002,1,1306,455,JIPIJAPA,MANABI,2053.0,2533.0,1273.0,1021.0,3789.0,3286.0,2615.0,1596.0,808.0,774.0,1688.0,1372.0,40.0,76.0,82.0,103.0,1695.0,1883.0,2490.0,2671.0,130.0,94.0,211.0,278.0,2612.0,1900.0,29336.0,27292.0,30193.0,6880.0
311,2002,1,1316,460,24 DE MAYO,MANABI,851.0,956.0,772.0,611.0,1476.0,1099.0,476.0,259.0,365.0,318.0,206.0,184.0,17.0,6.0,20.0,32.0,591.0,584.0,646.0,583.0,28.0,37.0,37.0,57.0,1735.0,1383.0,12921.0,11517.0,10139.0,3190.0
312,2002,1,1312,465,ROCAFUERTE,MANABI,621.0,800.0,708.0,528.0,1591.0,1453.0,670.0,512.0,360.0,363.0,404.0,361.0,11.0,6.0,48.0,58.0,703.0,1010.0,654.0,669.0,22.0,21.0,49.0,130.0,2155.0,2051.0,11950.0,11262.0,13301.0,2657.0
313,2002,1,1313,470,SANTA ANA,MANABI,1219.0,1533.0,941.0,750.0,2015.0,1833.0,377.0,299.0,322.0,293.0,369.0,299.0,23.0,14.0,67.0,36.0,773.0,1054.0,1994.0,1766.0,49.0,40.0,66.0,121.0,2655.0,1895.0,19378.0,17023.0,16360.0,4443.0
314,2002,1,1314,475,SUCRE,MANABI,1046.0,1431.0,859.0,834.0,3096.0,3004.0,535.0,339.0,544.0,539.0,291.0,239.0,32.0,12.0,34.0,36.0,2061.0,2690.0,1214.0,1033.0,70.0,53.0,95.0,180.0,2541.0,1951.0,20325.0,19251.0,20589.0,4170.0
315,2002,1,1320,476,JAMA,MANABI,219.0,303.0,441.0,342.0,398.0,318.0,82.0,52.0,176.0,149.0,56.0,46.0,4.0,1.0,9.0,3.0,313.0,389.0,209.0,112.0,6.0,6.0,8.0,22.0,244.0,172.0,3866.0,3291.0,2775.0,1305.0
316,2002,1,1322,477,SAN VICENTE,MANABI,363.0,441.0,422.0,374.0,1159.0,984.0,254.0,230.0,114.0,96.0,41.0,50.0,6.0,5.0,6.0,48.0,785.0,996.0,221.0,201.0,9.0,8.0,37.0,41.0,518.0,427.0,6627.0,6154.0,6236.0,1600.0
317,2002,1,1303,480,CHONE,MANABI,2792.0,3612.0,1224.0,1074.0,5153.0,4722.0,914.0,703.0,1152.0,1064.0,1258.0,1238.0,43.0,31.0,105.0,124.0,3243.0,5648.0,3291.0,2470.0,194.0,189.0,175.0,429.0,4546.0,3387.0,44381.0,43291.0,40079.0,8702.0
318,2002,1,1302,485,BOLIVAR,MANABI,558.0,835.0,402.0,419.0,1256.0,1275.0,228.0,155.0,840.0,763.0,406.0,372.0,7.0,16.0,15.0,14.0,950.0,1213.0,1518.0,1403.0,44.0,36.0,36.0,68.0,2414.0,2025.0,15183.0,14408.0,15054.0,2214.0
319,2002,1,1307,490,JUNIN,MANABI,468.0,631.0,334.0,251.0,851.0,626.0,131.0,99.0,215.0,204.0,95.0,97.0,11.0,4.0,14.0,16.0,582.0,748.0,704.0,587.0,16.0,22.0,22.0,24.0,1279.0,1032.0,8329.0,7260.0,7379.0,1684.0
320,2002,1,1310,495,PAJAN,MANABI,1421.0,1590.0,1149.0,786.0,2068.0,1420.0,1387.0,732.0,481.0,388.0,170.0,165.0,26.0,20.0,31.0,33.0,468.0,582.0,2029.0,2036.0,60.0,41.0,44.0,54.0,2294.0,1591.0,18812.0,15928.0,16120.0,4946.0
321,2002,1,1304,500,EL CARMEN,MANABI,2029.0,2382.0,1194.0,956.0,2445.0,1946.0,1361.0,820.0,1034.0,998.0,221.0,186.0,73.0,61.0,109.0,117.0,2707.0,3906.0,2167.0,1641.0,82.0,59.0,101.0,221.0,2593.0,1852.0,28355.0,26002.0,24700.0,6561.0
322,2002,1,909,505,EL TRIUNFO,GUAYAS,529.0,682.0,521.0,363.0,980.0,905.0,1793.0,1185.0,239.0,253.0,79.0,54.0,38.0,10.0,14.0,10.0,335.0,513.0,1433.0,1867.0,25.0,14.0,63.0,115.0,1624.0,1470.0,12613.0,11096.0,13019.0,2095.0
323,2002,1,912,510,NARANJITO,GUAYAS,414.0,646.0,396.0,343.0,859.0,1002.0,3432.0,2727.0,67.0,61.0,21.0,16.0,3.0,6.0,11.0,9.0,196.0,281.0,415.0,574.0,7.0,9.0,25.0,35.0,263.0,311.0,11385.0,10079.0,10330.0,1799.0
324,2002,1,1201,515,BABAHOYO,LOS RIOS,2518.0,3320.0,1717.0,1408.0,5729.0,5467.0,2723.0,1862.0,1049.0,1080.0,443.0,373.0,73.0,47.0,89.0,75.0,3871.0,5190.0,2464.0,2733.0,161.0,171.0,196.0,394.0,8056.0,7352.0,43987.0,43175.0,49598.0,8963.0
325,2002,1,1211,516,VALENCIA,LOS RIOS,445.0,489.0,365.0,301.0,692.0,587.0,943.0,579.0,197.0,185.0,81.0,55.0,11.0,4.0,26.0,9.0,354.0,434.0,290.0,245.0,37.0,14.0,92.0,134.0,1705.0,1384.0,8079.0,6784.0,8058.0,1600.0
326,2002,1,1202,520,BABA,LOS RIOS,996.0,1032.0,796.0,556.0,1459.0,1202.0,331.0,204.0,377.0,239.0,38.0,24.0,17.0,10.0,21.0,13.0,497.0,668.0,902.0,1010.0,23.0,19.0,49.0,81.0,2510.0,1813.0,11806.0,9914.0,11507.0,3380.0
327,2002,1,1208,525,VINCES,LOS RIOS,1658.0,1759.0,1353.0,1157.0,2384.0,2270.0,1850.0,1228.0,477.0,398.0,147.0,115.0,44.0,49.0,35.0,37.0,1569.0,1935.0,2143.0,2372.0,61.0,39.0,101.0,226.0,3345.0,2887.0,22938.0,20808.0,23712.0,5927.0
328,2002,1,1204,530,PUEBLOVIEJO,LOS RIOS,673.0,774.0,533.0,456.0,756.0,766.0,645.0,382.0,306.0,262.0,37.0,38.0,29.0,19.0,8.0,13.0,512.0,753.0,638.0,665.0,21.0,23.0,40.0,67.0,2215.0,1652.0,9468.0,8415.0,9847.0,2436.0
329,2002,1,1206,535,URDANETA,LOS RIOS,520.0,638.0,538.0,434.0,851.0,770.0,1265.0,810.0,256.0,189.0,52.0,50.0,11.0,9.0,28.0,17.0,381.0,502.0,522.0,576.0,35.0,29.0,50.0,100.0,1609.0,1500.0,10079.0,9065.0,9612.0,2130.0
330,2002,1,1205,540,QUEVEDO,LOS RIOS,2999.0,3993.0,1654.0,1686.0,5490.0,5592.0,6042.0,4697.0,1061.0,1033.0,703.0,487.0,79.0,46.0,147.0,144.0,4840.0,6235.0,3957.0,4271.0,118.0,96.0,651.0,1592.0,5469.0,4598.0,56932.0,55929.0,57348.0,10332.0
331,2002,1,1207,545,VENTANAS,LOS RIOS,1306.0,1580.0,906.0,679.0,2356.0,2351.0,3687.0,2650.0,405.0,419.0,115.0,88.0,32.0,29.0,27.0,17.0,590.0,892.0,960.0,1064.0,38.0,40.0,101.0,250.0,3199.0,3300.0,22904.0,21321.0,22610.0,4471.0
332,2002,1,1315,550,TOSAGUA,MANABI,450.0,574.0,502.0,414.0,1338.0,1091.0,361.0,230.0,334.0,288.0,168.0,151.0,13.0,16.0,47.0,43.0,479.0,616.0,753.0,709.0,24.0,16.0,36.0,89.0,1541.0,1127.0,12095.0,11015.0,9470.0,1940.0
333,2002,1,106,555,PUCARA,AZUAY,207.0,288.0,239.0,302.0,85.0,83.0,554.0,437.0,164.0,134.0,7.0,8.0,12.0,7.0,7.0,7.0,83.0,179.0,63.0,51.0,9.0,9.0,6.0,3.0,159.0,130.0,3056.0,2928.0,2197.0,1036.0
334,2002,1,115,556,CAMILO PONCE ENRIQUEZ,AZUAY,70.0,114.0,221.0,191.0,184.0,152.0,435.0,361.0,135.0,117.0,13.0,9.0,2.0,3.0,4.0,8.0,235.0,252.0,73.0,76.0,2.0,2.0,5.0,20.0,237.0,173.0,2535.0,2151.0,2498.0,596.0
335,2002,1,801,560,ESMERALDAS,ESMERALDAS,2932.0,3975.0,1449.0,1638.0,4133.0,4435.0,3360.0,2936.0,1086.0,1011.0,1006.0,868.0,102.0,63.0,151.0,156.0,5112.0,6577.0,785.0,729.0,186.0,186.0,279.0,731.0,10430.0,11382.0,54455.0,57499.0,55704.0,9994.0
336,2002,1,807,561,RIOVERDE,ESMERALDAS,444.0,520.0,516.0,374.0,211.0,190.0,219.0,127.0,329.0,217.0,26.0,15.0,13.0,37.0,19.0,29.0,386.0,448.0,81.0,67.0,14.0,15.0,11.0,28.0,1308.0,1061.0,7030.0,5377.0,4851.0,1854.0
337,2002,1,802,565,ELOY ALFARO,ESMERALDAS,591.0,568.0,453.0,421.0,864.0,702.0,315.0,174.0,351.0,350.0,32.0,42.0,48.0,31.0,51.0,63.0,231.0,174.0,270.0,302.0,21.0,36.0,16.0,20.0,1074.0,985.0,10256.0,8526.0,6152.0,2033.0
338,2002,1,803,570,MUISNE,ESMERALDAS,377.0,568.0,369.0,300.0,371.0,255.0,356.0,202.0,264.0,209.0,21.0,14.0,17.0,14.0,36.0,39.0,1052.0,1036.0,132.0,85.0,14.0,23.0,15.0,26.0,791.0,537.0,7468.0,5794.0,5509.0,1614.0
339,2002,1,804,575,QUININDE,ESMERALDAS,2262.0,2401.0,1800.0,1394.0,2578.0,1938.0,2513.0,1644.0,1276.0,993.0,257.0,168.0,91.0,57.0,113.0,103.0,2493.0,2833.0,959.0,637.0,140.0,103.0,138.0,286.0,4261.0,3451.0,34453.0,28577.0,27032.0,7857.0
340,2002,1,805,580,SAN LORENZO,ESMERALDAS,455.0,642.0,419.0,448.0,769.0,653.0,219.0,219.0,506.0,546.0,41.0,34.0,14.0,16.0,43.0,42.0,247.0,232.0,159.0,207.0,33.0,36.0,15.0,31.0,1008.0,944.0,7556.0,7224.0,6014.0,1964.0
341,2002,1,705,585,CHILLA,EL ORO,35.0,48.0,68.0,42.0,32.0,25.0,210.0,165.0,88.0,86.0,4.0,3.0,2.0,1.0,1.0,2.0,37.0,63.0,36.0,38.0,3.0,2.0,2.0,1.0,221.0,193.0,1127.0,1036.0,1215.0,193.0
342,2002,1,1401,590,MORONA,MORONA SANTIAGO,437.0,620.0,233.0,337.0,787.0,796.0,2273.0,1959.0,292.0,348.0,21.0,24.0,24.0,21.0,58.0,46.0,445.0,519.0,179.0,201.0,165.0,187.0,31.0,115.0,479.0,480.0,9517.0,9026.0,9450.0,1627.0
343,2002,1,1402,595,GUALAQUIZA,MORONA SANTIAGO,192.0,315.0,152.0,204.0,260.0,267.0,633.0,535.0,281.0,357.0,13.0,13.0,14.0,10.0,20.0,32.0,508.0,561.0,84.0,105.0,14.0,14.0,17.0,45.0,89.0,70.0,4255.0,4054.0,3942.0,863.0
344,2002,1,1403,600,LIMON INDANZA,MORONA SANTIAGO,120.0,167.0,97.0,120.0,138.0,122.0,738.0,746.0,205.0,240.0,8.0,12.0,5.0,7.0,10.0,9.0,101.0,133.0,51.0,54.0,27.0,25.0,10.0,32.0,62.0,44.0,3401.0,3008.0,2779.0,504.0
345,2002,1,1405,605,SANTIAGO,MORONA SANTIAGO,133.0,175.0,112.0,162.0,203.0,189.0,817.0,767.0,231.0,234.0,12.0,2.0,6.0,5.0,17.0,15.0,100.0,91.0,33.0,25.0,22.0,23.0,9.0,40.0,113.0,70.0,3342.0,2986.0,3024.0,582.0
346,2002,1,1406,610,SUCUA,MORONA SANTIAGO,219.0,301.0,132.0,204.0,331.0,319.0,1023.0,1079.0,212.0,263.0,10.0,7.0,10.0,7.0,29.0,37.0,138.0,181.0,59.0,64.0,34.0,27.0,21.0,85.0,306.0,366.0,5144.0,4770.0,4608.0,856.0
347,2002,1,1410,611,LOGRONO,MORONA SANTIAGO,71.0,105.0,77.0,78.0,69.0,61.0,450.0,364.0,65.0,59.0,1.0,0.0,10.0,6.0,1.0,8.0,21.0,29.0,6.0,11.0,22.0,23.0,6.0,11.0,43.0,35.0,1692.0,1537.0,1301.0,331.0
348,2002,1,1404,615,PALORA,MORONA SANTIAGO,76.0,116.0,60.0,95.0,144.0,146.0,507.0,420.0,150.0,148.0,4.0,9.0,5.0,7.0,7.0,5.0,56.0,70.0,12.0,18.0,6.0,10.0,9.0,19.0,62.0,35.0,2045.0,1728.0,1849.0,347.0
349,2002,1,1501,620,TENA,NAPO,441.0,624.0,510.0,650.0,508.0,514.0,6620.0,6019.0,267.0,333.0,26.0,26.0,86.0,64.0,42.0,42.0,157.0,179.0,240.0,282.0,33.0,33.0,53.0,100.0,138.0,135.0,12670.0,12492.0,15897.0,2225.0
350,2002,1,1509,621,CARLOS JULIO AROSEMENA TOLA,NAPO,41.0,38.0,35.0,41.0,52.0,25.0,452.0,347.0,16.0,14.0,0.0,2.0,6.0,4.0,3.0,1.0,10.0,6.0,25.0,25.0,0.0,3.0,1.0,11.0,4.0,4.0,859.0,700.0,1011.0,155.0
351,2002,1,2101,625,LAGO AGRIO,SUCUMBIOS,1284.0,1323.0,886.0,715.0,2901.0,2207.0,4214.0,2956.0,627.0,489.0,52.0,25.0,161.0,102.0,57.0,48.0,666.0,678.0,392.0,289.0,69.0,61.0,80.0,179.0,2781.0,2221.0,22242.0,17165.0,21255.0,4208.0
352,2002,1,2107,626,CUYABENO,SUCUMBIOS,97.0,75.0,202.0,156.0,139.0,116.0,380.0,218.0,64.0,28.0,8.0,1.0,12.0,3.0,6.0,4.0,32.0,14.0,58.0,44.0,9.0,1.0,6.0,6.0,176.0,117.0,1844.0,1198.0,1442.0,530.0
353,2002,1,2202,630,AGUARICO,ORELLANA,43.0,64.0,66.0,76.0,114.0,79.0,141.0,83.0,201.0,161.0,1.0,4.0,61.0,40.0,2.0,1.0,4.0,2.0,9.0,13.0,1.0,2.0,2.0,2.0,12.0,13.0,1183.0,1015.0,948.0,249.0
354,2002,1,1507,635,QUIJOS,NAPO,60.0,81.0,39.0,41.0,115.0,91.0,631.0,654.0,85.0,106.0,6.0,4.0,6.0,3.0,5.0,4.0,37.0,42.0,24.0,13.0,6.0,10.0,3.0,17.0,19.0,12.0,1625.0,1466.0,1893.0,221.0
355,2002,1,2105,640,SUCUMBIOS,SUCUMBIOS,32.0,28.0,37.0,41.0,120.0,100.0,190.0,167.0,255.0,242.0,1.0,0.0,2.0,1.0,1.0,0.0,21.0,19.0,93.0,69.0,5.0,2.0,1.0,11.0,14.0,23.0,1007.0,905.0,1337.0,138.0
356,2002,1,2201,645,FRANCISCO DE ORELLANA,ORELLANA,844.0,931.0,387.0,359.0,1411.0,1039.0,2414.0,1647.0,478.0,379.0,25.0,19.0,708.0,447.0,36.0,27.0,477.0,488.0,183.0,137.0,39.0,32.0,93.0,64.0,1296.0,916.0,12530.0,9483.0,12355.0,2521.0
357,2002,1,2103,650,PUTUMAYO,SUCUMBIOS,99.0,116.0,100.0,113.0,82.0,78.0,411.0,238.0,46.0,57.0,4.0,5.0,6.0,2.0,6.0,3.0,11.0,19.0,128.0,98.0,4.0,6.0,1.0,3.0,65.0,63.0,1763.0,1420.0,1336.0,428.0
358,2002,1,1901,655,ZAMORA,ZAMORA CHINCHIPE,227.0,312.0,220.0,242.0,641.0,627.0,1576.0,1380.0,281.0,227.0,39.0,29.0,15.0,8.0,46.0,33.0,588.0,705.0,240.0,242.0,5.0,9.0,25.0,47.0,368.0,326.0,7440.0,6803.0,7457.0,1001.0
359,2002,1,1902,660,CHINCHIPE,ZAMORA CHINCHIPE,71.0,76.0,151.0,172.0,211.0,174.0,432.0,355.0,226.0,162.0,9.0,28.0,10.0,6.0,12.0,6.0,168.0,186.0,98.0,78.0,4.0,6.0,18.0,25.0,47.0,38.0,2421.0,2091.0,2299.0,470.0
360,2002,1,1908,661,PALANDA,ZAMORA CHINCHIPE,73.0,79.0,148.0,120.0,79.0,56.0,619.0,383.0,71.0,48.0,4.0,6.0,5.0,3.0,5.0,4.0,87.0,74.0,155.0,185.0,1.0,1.0,9.0,6.0,46.0,41.0,2042.0,1630.0,1888.0,420.0
361,2002,1,1904,665,YACUAMBI,ZAMORA CHINCHIPE,29.0,49.0,167.0,241.0,91.0,82.0,400.0,312.0,46.0,38.0,3.0,1.0,12.0,8.0,6.0,12.0,85.0,66.0,71.0,71.0,5.0,5.0,6.0,2.0,19.0,23.0,1356.0,1300.0,1364.0,486.0
362,2002,1,1905,670,YANTZAZA,ZAMORA CHINCHIPE,133.0,199.0,218.0,270.0,449.0,438.0,1172.0,1047.0,92.0,78.0,9.0,12.0,20.0,12.0,26.0,22.0,261.0,298.0,106.0,112.0,13.0,6.0,20.0,33.0,266.0,217.0,5097.0,4638.0,4709.0,820.0
363,2002,1,913,675,PALESTINA,GUAYAS,203.0,277.0,416.0,272.0,584.0,548.0,790.0,528.0,63.0,36.0,8.0,2.0,6.0,4.0,4.0,6.0,129.0,223.0,310.0,327.0,9.0,7.0,6.0,6.0,294.0,294.0,4732.0,4085.0,4184.0,1168.0
364,2002,1,1601,680,PASTAZA,PASTAZA,634.0,814.0,318.0,380.0,1105.0,1134.0,4472.0,4203.0,676.0,678.0,89.0,90.0,317.0,244.0,89.0,129.0,803.0,862.0,161.0,159.0,148.0,213.0,52.0,184.0,308.0,250.0,14139.0,13523.0,16366.0,2146.0
365,2002,1,1602,685,MERA,PASTAZA,56.0,109.0,40.0,47.0,117.0,161.0,672.0,947.0,103.0,131.0,14.0,17.0,40.0,49.0,15.0,17.0,65.0,71.0,35.0,17.0,8.0,14.0,9.0,17.0,46.0,36.0,2096.0,2307.0,2601.0,252.0
366,2002,1,711,690,PORTOVELO,EL ORO,188.0,240.0,151.0,100.0,211.0,188.0,350.0,272.0,245.0,229.0,34.0,37.0,6.0,2.0,9.0,14.0,673.0,870.0,272.0,271.0,7.0,3.0,9.0,24.0,319.0,248.0,4043.0,3847.0,4293.0,679.0
367,2002,1,707,695,HUAQUILLAS,EL ORO,320.0,502.0,258.0,286.0,889.0,939.0,2474.0,2290.0,422.0,399.0,78.0,56.0,17.0,15.0,21.0,28.0,749.0,1044.0,252.0,233.0,50.0,50.0,42.0,117.0,1671.0,1669.0,10913.0,11042.0,13505.0,1366.0
368,2002,1,1503,700,ARCHIDONA,NAPO,289.0,438.0,332.0,412.0,315.0,292.0,2731.0,2283.0,148.0,154.0,4.0,17.0,210.0,163.0,24.0,40.0,41.0,66.0,115.0,128.0,17.0,22.0,35.0,51.0,97.0,94.0,5915.0,5819.0,7047.0,1471.0
369,2002,1,703,705,ATAHUALPA,EL ORO,102.0,119.0,116.0,82.0,107.0,86.0,380.0,328.0,241.0,238.0,10.0,9.0,2.0,9.0,6.0,41.0,138.0,160.0,303.0,258.0,1.0,1.0,8.0,27.0,131.0,92.0,2599.0,2288.0,2576.0,419.0
370,2002,1,1203,710,MONTALVO,LOS RIOS,312.0,356.0,305.0,233.0,665.0,560.0,1323.0,1091.0,310.0,328.0,49.0,38.0,11.0,18.0,14.0,11.0,328.0,436.0,298.0,313.0,26.0,29.0,20.0,34.0,957.0,884.0,6835.0,6394.0,7743.0,1206.0
371,2002,1,914,715,PEDRO CARBO,GUAYAS,939.0,1238.0,944.0,843.0,1893.0,1625.0,1823.0,1183.0,149.0,170.0,69.0,59.0,25.0,22.0,17.0,24.0,537.0,793.0,1111.0,1324.0,33.0,24.0,59.0,88.0,1720.0,1443.0,13216.0,11917.0,14191.0,3964.0
372,2002,1,2104,720,SHUSHUFINDI,SUCUMBIOS,693.0,750.0,597.0,384.0,1218.0,923.0,2473.0,1746.0,233.0,212.0,18.0,12.0,58.0,36.0,32.0,18.0,193.0,202.0,158.0,126.0,26.0,16.0,26.0,58.0,1061.0,696.0,10046.0,7352.0,9541.0,2424.0
373,2002,1,2203,725,LA JOYA DE LOS SACHAS,ORELLANA,446.0,424.0,286.0,227.0,778.0,574.0,2168.0,1482.0,203.0,198.0,13.0,10.0,154.0,79.0,11.0,10.0,108.0,110.0,148.0,102.0,19.0,11.0,19.0,32.0,521.0,364.0,7001.0,5316.0,7114.0,1383.0
374,2002,1,1114,730,PINDAL,LOJA,113.0,155.0,128.0,82.0,104.0,69.0,298.0,200.0,143.0,118.0,9.0,5.0,2.0,1.0,2.0,5.0,220.0,227.0,193.0,184.0,3.0,2.0,4.0,7.0,107.0,85.0,2402.0,2244.0,1988.0,478.0
375,2002,1,921,735,PLAYAS,GUAYAS,376.0,512.0,423.0,426.0,1124.0,915.0,565.0,426.0,523.0,669.0,64.0,43.0,21.0,8.0,44.0,25.0,1229.0,1473.0,1229.0,1518.0,9.0,10.0,55.0,79.0,1132.0,833.0,8836.0,8504.0,11994.0,1737.0
376,2002,1,1115,740,QUILANGA,LOJA,49.0,57.0,196.0,128.0,113.0,82.0,131.0,113.0,102.0,126.0,11.0,6.0,2.0,1.0,10.0,8.0,133.0,168.0,57.0,70.0,6.0,6.0,14.0,10.0,57.0,33.0,1878.0,1761.0,1259.0,430.0
377,2002,1,2106,745,CASCALES,SUCUMBIOS,166.0,161.0,109.0,147.0,281.0,216.0,715.0,496.0,46.0,49.0,4.0,3.0,16.0,17.0,6.0,7.0,49.0,58.0,73.0,67.0,4.0,3.0,10.0,13.0,241.0,173.0,2435.0,1973.0,2547.0,583.0
378,2002,1,1209,750,PALENQUE,LOS RIOS,461.0,458.0,511.0,367.0,745.0,553.0,215.0,106.0,114.0,72.0,27.0,14.0,20.0,11.0,12.0,10.0,247.0,266.0,620.0,505.0,17.0,8.0,21.0,23.0,1071.0,804.0,6781.0,5420.0,5481.0,1797.0
379,2002,1,714,755,LAS LAJAS,EL ORO,94.0,104.0,95.0,81.0,69.0,48.0,386.0,304.0,58.0,50.0,1.0,2.0,5.0,1.0,2.0,2.0,86.0,97.0,267.0,248.0,3.0,1.0,2.0,7.0,216.0,170.0,2125.0,1782.0,2025.0,374.0
380,2002,1,206,760,CALUMA,BOLIVAR,271.0,291.0,218.0,158.0,460.0,366.0,1152.0,984.0,160.0,151.0,11.0,14.0,17.0,8.0,5.0,6.0,88.0,118.0,322.0,297.0,54.0,69.0,90.0,21.0,260.0,271.0,4660.0,4301.0,4924.0,938.0
381,2002,1,305,765,EL TAMBO,CANAR,153.0,251.0,84.0,162.0,197.0,265.0,510.0,639.0,151.0,208.0,31.0,48.0,86.0,114.0,22.0,14.0,60.0,64.0,75.0,95.0,4.0,13.0,6.0,9.0,123.0,143.0,3154.0,3203.0,2877.0,650.0
382,2002,1,1707,770,SAN MIGUEL DE LOS BANCOS,PICHINCHA,148.0,147.0,114.0,108.0,226.0,189.0,379.0,297.0,420.0,379.0,9.0,13.0,13.0,8.0,4.0,10.0,215.0,200.0,175.0,134.0,51.0,31.0,10.0,25.0,76.0,41.0,2917.0,2496.0,2905.0,517.0
383,2002,1,1906,775,EL PANGUI,ZAMORA CHINCHIPE,58.0,135.0,116.0,125.0,131.0,135.0,549.0,477.0,50.0,44.0,8.0,1.0,4.0,6.0,1.0,12.0,78.0,92.0,90.0,119.0,5.0,3.0,8.0,21.0,101.0,91.0,2222.0,2028.0,2026.0,434.0
384,2002,1,110,780,ONA,AZUAY,56.0,87.0,65.0,182.0,60.0,55.0,175.0,212.0,99.0,116.0,0.0,11.0,2.0,3.0,5.0,3.0,39.0,44.0,22.0,37.0,2.0,6.0,2.0,6.0,69.0,86.0,1080.0,1430.0,1054.0,390.0
385,2002,1,806,785,ATACAMES,ESMERALDAS,636.0,754.0,479.0,355.0,324.0,276.0,395.0,242.0,265.0,137.0,31.0,45.0,7.0,11.0,75.0,61.0,969.0,1231.0,455.0,318.0,17.0,14.0,46.0,61.0,1518.0,1265.0,8159.0,7071.0,7763.0,2224.0
386,2002,1,922,790,SIMON BOLIVAR,GUAYAS,268.0,382.0,390.0,303.0,931.0,799.0,350.0,260.0,200.0,171.0,42.0,28.0,29.0,7.0,9.0,6.0,277.0,355.0,556.0,554.0,22.0,5.0,55.0,49.0,924.0,819.0,6048.0,5217.0,6448.0,1343.0
387,2002,1,1407,795,HUAMBOYA,MORONA SANTIAGO,54.0,110.0,89.0,80.0,63.0,63.0,526.0,401.0,31.0,40.0,2.0,2.0,3.0,7.0,2.0,5.0,14.0,17.0,2.0,4.0,20.0,22.0,1.0,8.0,26.0,27.0,1483.0,1418.0,1286.0,333.0
388,2002,1,1411,796,PABLO SEXTO,MORONA SANTIAGO,7.0,10.0,15.0,23.0,32.0,25.0,196.0,162.0,13.0,14.0,1.0,0.0,1.0,1.0,2.0,4.0,9.0,9.0,3.0,1.0,1.0,0.0,1.0,10.0,4.0,5.0,383.0,300.0,494.0,55.0
389,2002,1,2001,800,SAN CRISTOBAL,GALAPAGOS,46.0,58.0,59.0,66.0,431.0,330.0,94.0,75.0,276.0,256.0,10.0,8.0,9.0,5.0,14.0,15.0,134.0,160.0,138.0,147.0,3.0,6.0,10.0,13.0,155.0,135.0,2029.0,1804.0,2424.0,229.0
390,2002,1,2003,805,SANTA CRUZ,GALAPAGOS,173.0,189.0,44.0,70.0,634.0,508.0,229.0,141.0,228.0,189.0,14.0,13.0,19.0,15.0,37.0,40.0,347.0,294.0,187.0,180.0,11.0,5.0,21.0,28.0,268.0,271.0,3063.0,2539.0,3679.0,476.0
391,2002,1,2002,810,ISABELA,GALAPAGOS,11.0,24.0,21.0,20.0,100.0,82.0,11.0,5.0,41.0,44.0,0.0,0.0,1.0,0.0,3.0,4.0,27.0,21.0,113.0,89.0,1.0,0.0,2.0,1.0,83.0,52.0,528.0,435.0,680.0,76.0
392,2002,1,1105,815,CHAGUARPAMBA,LOJA,145.0,173.0,200.0,153.0,152.0,149.0,428.0,320.0,187.0,151.0,13.0,7.0,12.0,5.0,7.0,7.0,126.0,173.0,183.0,154.0,6.0,23.0,13.0,7.0,198.0,141.0,3108.0,2716.0,2462.0,671.0
393,2002,1,907,820,DURAN,GUAYAS,1530.0,2197.0,655.0,591.0,5732.0,5741.0,2614.0,1956.0,775.0,812.0,760.0,601.0,112.0,92.0,68.0,83.0,2800.0,3413.0,5302.0,6161.0,80.0,63.0,269.0,505.0,3072.0,3367.0,34160.0,35782.0,44378.0,4973.0
394,2002,1,502,825,LA MANA,COTOPAXI,759.0,804.0,495.0,489.0,504.0,454.0,2482.0,2017.0,365.0,368.0,54.0,53.0,46.0,39.0,17.0,30.0,480.0,544.0,178.0,201.0,32.0,28.0,37.0,111.0,1675.0,1417.0,10386.0,9622.0,11132.0,2547.0
395,2002,1,608,830,PALLATANGA,CHIMBORAZO,197.0,253.0,223.0,342.0,181.0,118.0,1366.0,1149.0,135.0,164.0,12.0,22.0,33.0,31.0,15.0,12.0,78.0,70.0,130.0,112.0,11.0,19.0,11.0,26.0,127.0,73.0,4053.0,3801.0,3895.0,1015.0
396,2002,1,902,835,ALFREDO BAQUERIZO MORENO (JUJAN),GUAYAS,455.0,469.0,469.0,382.0,1002.0,913.0,326.0,220.0,335.0,302.0,34.0,28.0,9.0,3.0,8.0,5.0,312.0,455.0,551.0,658.0,15.0,8.0,21.0,31.0,1314.0,1036.0,7076.0,6170.0,7586.0,1775.0
397,2002,1,1311,840,PICHINCHA,MANABI,688.0,922.0,798.0,606.0,981.0,785.0,302.0,182.0,421.0,274.0,100.0,76.0,10.0,6.0,12.0,13.0,394.0,511.0,1305.0,1126.0,39.0,20.0,31.0,64.0,2422.0,1622.0,15240.0,12761.0,10696.0,3014.0
398,2002,1,1803,845,CEVALLOS,TUNGURAHUA,158.0,206.0,58.0,49.0,345.0,359.0,838.0,652.0,203.0,228.0,95.0,77.0,8.0,7.0,11.0,10.0,160.0,193.0,78.0,67.0,22.0,14.0,17.0,50.0,136.0,149.0,2897.0,2833.0,3719.0,471.0
399,2002,1,1804,850,MOCHA,TUNGURAHUA,188.0,231.0,40.0,79.0,320.0,302.0,831.0,758.0,170.0,175.0,52.0,67.0,11.0,12.0,13.0,13.0,121.0,152.0,80.0,82.0,18.0,17.0,18.0,35.0,113.0,62.0,2727.0,2763.0,3422.0,538.0
400,2002,1,107,855,SAN FERNANDO,AZUAY,43.0,88.0,47.0,104.0,129.0,195.0,122.0,126.0,228.0,342.0,11.0,19.0,0.0,3.0,3.0,2.0,27.0,33.0,106.0,121.0,3.0,2.0,8.0,23.0,32.0,48.0,1640.0,1755.0,1583.0,282.0
401,2002,1,708,860,MARCABELI,EL ORO,84.0,112.0,78.0,69.0,66.0,68.0,307.0,248.0,140.0,117.0,5.0,2.0,3.0,5.0,6.0,7.0,116.0,155.0,91.0,56.0,7.0,5.0,4.0,8.0,128.0,126.0,2150.0,1942.0,1670.0,343.0
402,2002,1,2102,865,GONZALO PIZARRO,SUCUMBIOS,107.0,134.0,110.0,108.0,249.0,186.0,567.0,416.0,93.0,72.0,4.0,4.0,13.0,8.0,7.0,7.0,48.0,44.0,84.0,69.0,4.0,5.0,5.0,15.0,166.0,113.0,2088.0,1615.0,2179.0,459.0
403,2002,1,918,870,SANTA LUCIA,GUAYAS,808.0,940.0,977.0,756.0,1406.0,1447.0,1027.0,616.0,200.0,169.0,53.0,46.0,18.0,36.0,24.0,7.0,572.0,686.0,1169.0,1358.0,39.0,33.0,48.0,83.0,2209.0,1720.0,11877.0,10435.0,12966.0,3481.0
404,2002,1,704,875,BALSAS,EL ORO,113.0,129.0,76.0,79.0,128.0,122.0,388.0,313.0,92.0,84.0,14.0,6.0,8.0,1.0,12.0,14.0,259.0,341.0,61.0,51.0,6.0,0.0,9.0,33.0,208.0,180.0,2291.0,2033.0,2330.0,397.0
405,2002,1,1603,880,SANTA CLARA,PASTAZA,32.0,53.0,33.0,45.0,74.0,39.0,507.0,376.0,26.0,31.0,1.0,2.0,56.0,58.0,2.0,5.0,56.0,46.0,17.0,25.0,5.0,6.0,2.0,4.0,20.0,21.0,1042.0,876.0,1379.0,163.0
406,2002,1,1604,881,ARAJUNO,PASTAZA,46.0,40.0,89.0,92.0,64.0,84.0,407.0,250.0,50.0,55.0,0.0,1.0,59.0,52.0,3.0,8.0,4.0,1.0,19.0,18.0,6.0,7.0,8.0,14.0,3.0,2.0,1241.0,1083.0,1115.0,267.0
407,2002,1,104,885,NABON,AZUAY,291.0,384.0,370.0,569.0,168.0,180.0,1134.0,950.0,553.0,523.0,28.0,24.0,12.0,23.0,13.0,15.0,111.0,202.0,62.0,92.0,16.0,55.0,17.0,32.0,127.0,107.0,4830.0,4683.0,4444.0,1614.0
408,2002,1,923,890,CORONEL MARCELINO MARIDUENA,GUAYAS,207.0,227.0,120.0,99.0,455.0,434.0,929.0,504.0,96.0,89.0,125.0,99.0,6.0,6.0,14.0,6.0,394.0,451.0,298.0,267.0,5.0,3.0,28.0,62.0,536.0,439.0,4651.0,3993.0,5246.0,653.0
409,2002,1,1708,895,PEDRO VICENTE MALDONADO,PICHINCHA,174.0,186.0,163.0,123.0,287.0,219.0,529.0,351.0,343.0,325.0,9.0,5.0,19.0,2.0,8.0,7.0,213.0,214.0,107.0,64.0,10.0,14.0,10.0,20.0,101.0,67.0,3078.0,2542.0,2924.0,646.0
410,2002,1,1709,896,PUERTO QUITO,PICHINCHA,269.0,285.0,189.0,184.0,382.0,312.0,310.0,216.0,319.0,303.0,14.0,10.0,7.0,8.0,13.0,10.0,306.0,285.0,214.0,145.0,15.0,10.0,26.0,35.0,217.0,170.0,3424.0,2834.0,3327.0,927.0
411,2002,1,610,900,CUMANDA,CHIMBORAZO,250.0,351.0,205.0,248.0,286.0,281.0,660.0,472.0,235.0,241.0,23.0,15.0,26.0,20.0,14.0,14.0,96.0,140.0,230.0,245.0,3.0,9.0,14.0,44.0,350.0,320.0,3778.0,3642.0,3738.0,1054.0
412,2002,1,306,905,DELEG,CANAR,74.0,180.0,62.0,108.0,89.0,112.0,136.0,192.0,250.0,497.0,5.0,13.0,19.0,33.0,5.0,9.0,28.0,80.0,59.0,113.0,33.0,12.0,7.0,26.0,39.0,44.0,3571.0,4093.0,1801.0,424.0
413,2002,1,1317,910,PEDERNALES,MANABI,795.0,941.0,879.0,714.0,920.0,760.0,550.0,318.0,355.0,224.0,48.0,23.0,11.0,17.0,21.0,23.0,646.0,767.0,821.0,666.0,49.0,32.0,39.0,36.0,1263.0,1073.0,12287.0,10383.0,8662.0,3329.0
414,2002,1,111,915,CHORDELEG,AZUAY,168.0,298.0,101.0,283.0,182.0,185.0,276.0,383.0,597.0,882.0,13.0,21.0,9.0,12.0,3.0,8.0,103.0,159.0,39.0,45.0,5.0,14.0,12.0,33.0,97.0,90.0,3600.0,3812.0,3168.0,850.0
415,2002,1,924,920,LOMAS DE SARGENTILLO,GUAYAS,281.0,379.0,292.0,222.0,925.0,698.0,64.0,55.0,151.0,152.0,14.0,10.0,5.0,10.0,7.0,3.0,179.0,216.0,616.0,737.0,14.0,5.0,9.0,14.0,916.0,719.0,4316.0,3924.0,5519.0,1174.0
416,2002,1,1408,925,SAN JUAN BOSCO,MORONA SANTIAGO,38.0,40.0,33.0,45.0,47.0,26.0,207.0,202.0,123.0,114.0,2.0,3.0,2.0,4.0,2.0,4.0,28.0,21.0,12.0,12.0,9.0,8.0,2.0,11.0,10.0,14.0,956.0,835.0,863.0,156.0
417,2002,1,1409,926,TAISHA,MORONA SANTIAGO,126.0,144.0,137.0,170.0,71.0,63.0,884.0,537.0,49.0,45.0,4.0,1.0,7.0,8.0,1.0,7.0,13.0,11.0,16.0,25.0,10.0,11.0,6.0,8.0,22.0,15.0,2979.0,2848.0,1814.0,577.0
418,2002,1,507,930,SIGCHOS,COTOPAXI,620.0,807.0,481.0,534.0,392.0,303.0,1375.0,1074.0,283.0,260.0,38.0,29.0,45.0,52.0,14.0,19.0,142.0,155.0,91.0,91.0,68.0,69.0,22.0,37.0,137.0,104.0,6396.0,6293.0,4800.0,2442.0
419,2002,1,2204,935,LORETO,ORELLANA,249.0,310.0,155.0,192.0,256.0,150.0,1060.0,668.0,214.0,172.0,6.0,13.0,281.0,196.0,10.0,18.0,20.0,29.0,34.0,58.0,11.0,22.0,2.0,31.0,164.0,116.0,3389.0,2724.0,3531.0,906.0
420,2002,1,925,940,NOBOL,GUAYAS,242.0,350.0,210.0,127.0,662.0,557.0,182.0,131.0,71.0,67.0,28.0,22.0,4.0,5.0,5.0,4.0,165.0,287.0,649.0,812.0,4.0,4.0,14.0,31.0,1058.0,902.0,4553.0,4187.0,5664.0,929.0
421,2002,1,1210,945,BUENA FE,LOS RIOS,978.0,1172.0,659.0,529.0,923.0,957.0,1526.0,1131.0,356.0,383.0,91.0,61.0,33.0,16.0,107.0,117.0,818.0,843.0,754.0,706.0,36.0,26.0,62.0,149.0,2750.0,2487.0,14367.0,13285.0,14332.0,3338.0
422,2002,1,1212,946,MOCACHE,LOS RIOS,664.0,747.0,493.0,369.0,838.0,783.0,1249.0,762.0,111.0,122.0,32.0,40.0,9.0,9.0,12.0,15.0,317.0,305.0,756.0,789.0,17.0,14.0,51.0,103.0,1336.0,1117.0,9533.0,8339.0,8787.0,2273.0
423,2002,1,207,950,LAS NAVES,BOLIVAR,106.0,112.0,140.0,159.0,202.0,168.0,470.0,326.0,60.0,60.0,3.0,4.0,5.0,0.0,1.0,3.0,21.0,28.0,76.0,64.0,25.0,30.0,4.0,15.0,162.0,146.0,1977.0,1736.0,1873.0,517.0
424,2002,1,113,955,SEVILLA DE ORO,AZUAY,109.0,121.0,89.0,100.0,165.0,131.0,219.0,201.0,437.0,561.0,17.0,18.0,6.0,2.0,4.0,7.0,62.0,90.0,72.0,43.0,3.0,4.0,8.0,20.0,105.0,80.0,2284.0,2123.0,2255.0,419.0
425,2002,1,112,960,EL PAN,AZUAY,61.0,74.0,53.0,65.0,85.0,76.0,67.0,52.0,186.0,252.0,9.0,5.0,0.0,1.0,2.0,3.0,87.0,98.0,42.0,54.0,1.0,3.0,1.0,7.0,26.0,18.0,1344.0,1267.0,1075.0,253.0
426,2002,1,2402,965,LA LIBERTAD,GUAYAS,973.0,1517.0,523.0,725.0,5018.0,4584.0,1133.0,771.0,825.0,860.0,298.0,237.0,105.0,72.0,43.0,49.0,3971.0,4662.0,1963.0,2252.0,31.0,34.0,157.0,311.0,2096.0,1890.0,21788.0,22116.0,31362.0,3738.0
427,2002,1,1308,970,OLMEDO,MANABI,244.0,270.0,460.0,371.0,339.0,278.0,214.0,91.0,118.0,72.0,146.0,97.0,3.0,29.0,14.0,12.0,220.0,213.0,163.0,128.0,28.0,17.0,12.0,22.0,867.0,677.0,4672.0,3911.0,3760.0,1345.0
428,2002,1,1319,975,PUERTO LOPEZ,MANABI,364.0,552.0,267.0,296.0,1219.0,1068.0,251.0,165.0,159.0,145.0,54.0,35.0,9.0,3.0,11.0,8.0,448.0,440.0,692.0,666.0,6.0,10.0,11.0,36.0,662.0,452.0,5694.0,5068.0,6550.0,1479.0
429,2002,1,1907,980,CENTINELA DEL CONDOR,ZAMORA CHINCHIPE,63.0,117.0,156.0,128.0,177.0,155.0,514.0,471.0,37.0,35.0,3.0,1.0,8.0,2.0,7.0,10.0,158.0,196.0,65.0,78.0,4.0,3.0,13.0,17.0,160.0,152.0,2489.0,2270.0,2266.0,464.0
430,2002,1,927,985,GENERAL ANTONIO ELIZALDE,GUAYAS,153.0,143.0,100.0,107.0,330.0,276.0,367.0,279.0,164.0,169.0,27.0,11.0,7.0,4.0,10.0,4.0,108.0,127.0,355.0,370.0,7.0,7.0,36.0,45.0,270.0,213.0,3076.0,2789.0,3186.0,503.0
431,2002,1,928,986,ISIDRO AYORA,GUAYAS,175.0,242.0,262.0,185.0,466.0,407.0,95.0,54.0,43.0,30.0,4.0,5.0,4.0,1.0,1.0,3.0,106.0,156.0,428.0,426.0,4.0,2.0,8.0,20.0,448.0,307.0,2424.0,2156.0,3018.0,864.0
432,2002,1,114,990,GUACHAPALA,AZUAY,62.0,100.0,44.0,42.0,74.0,93.0,107.0,131.0,224.0,279.0,8.0,4.0,4.0,2.0,3.0,4.0,44.0,50.0,29.0,34.0,3.0,1.0,3.0,4.0,27.0,38.0,1104.0,1192.0,1166.0,248.0
433,2002,1,406,995,SAN PEDRO DE HUACA,CARCHI,97.0,98.0,94.0,100.0,522.0,489.0,448.0,321.0,406.0,406.0,12.0,6.0,7.0,4.0,14.0,24.0,134.0,144.0,37.0,50.0,18.0,24.0,23.0,50.0,201.0,193.0,2603.0,2507.0,3533.0,389.0
