,AÑO,VUELTA,CANTON_CODIGO,VOTOS_NULOS_M,VOTOS_NULOS_F,VOTOS_BLANCOS_M,VOTOS_BLANCOS_F,VC_GUTIERREZ_M,VC_DAMERVAL_M,VC_VITERI_M,VC_NOBOA_M,VC_ROSERO_M,VC_ROLDOS_M,VC_SAGNAY_M,VC_VILLACIS_M,VC_MACAS_M,VC_TORRES_M,VC_PROAÑO_M,VC_CORREA_M,VC_LARREA_M,VC_GUTIERREZ_F,VC_DAMERVAL_F,VC_VITERI_F,VC_NOBOA_F,VC_ROSERO_F,VC_ROLDOS_F,VC_SAGNAY_F,VC_VILLACIS_F,VC_MACAS_F,VC_TORRES_F,VC_PROAÑO_F,VC_CORREA_F,VC_LARREA_F,ELECTORES_M,ELECTORAS_F,VOTOS VALIDOS,VOTOS_INVALIDOS,CANTON_NOMBRE,PROVINCIA_NOMBRE
0,2006,1,5,0.0,0.0,900.0,961.0,683.0,45.0,948.0,7168.0,177.0,2934.0,61.0,170.0,241.0,63.0,709.0,5036.0,95.0,959.0,32.0,1513.0,7785.0,130.0,3204.0,38.0,134.0,212.0,51.0,890.0,4237.0,59.0,28887.0,29423.0,37574.0,1861.0,TULCAN,CARCHI
1,2006,1,10,0.0,0.0,486.0,473.0,474.0,21.0,193.0,1950.0,134.0,1064.0,26.0,108.0,331.0,23.0,193.0,2303.0,32.0,748.0,13.0,406.0,1884.0,104.0,1159.0,22.0,82.0,362.0,55.0,211.0,2157.0,28.0,11161.0,11774.0,14083.0,959.0,MONTUFAR,CARCHI
2,2006,1,11,0.0,0.0,1.0,1.0,3.0,1.0,7.0,5.0,2.0,23.0,0.0,1.0,7.0,0.0,2.0,19.0,2.0,5.0,0.0,25.0,24.0,2.0,34.0,0.0,1.0,9.0,0.0,1.0,21.0,3.0,184.0,343.0,197.0,2.0,ALEMANIA,VOTO EXTERIOR
3,2006,1,15,0.0,0.0,200.0,305.0,260.0,11.0,134.0,997.0,38.0,486.0,8.0,49.0,147.0,8.0,201.0,1110.0,13.0,313.0,4.0,214.0,948.0,49.0,489.0,10.0,32.0,140.0,6.0,196.0,1009.0,15.0,5424.0,5741.0,6887.0,505.0,ESPEJO,CARCHI
4,2006,1,20,0.0,0.0,241.0,276.0,242.0,6.0,110.0,607.0,155.0,413.0,8.0,71.0,25.0,8.0,159.0,764.0,13.0,239.0,6.0,190.0,567.0,120.0,441.0,9.0,48.0,29.0,10.0,184.0,667.0,8.0,4855.0,4797.0,5099.0,517.0,MIRA,CARCHI
5,2006,1,21,0.0,0.0,1.0,1.0,1.0,1.0,7.0,12.0,0.0,65.0,0.0,0.0,1.0,1.0,3.0,35.0,1.0,1.0,1.0,14.0,11.0,1.0,55.0,0.0,1.0,1.0,0.0,1.0,26.0,0.0,177.0,152.0,239.0,2.0,ARGENTINA,VOTO EXTERIOR
6,2006,1,25,0.0,0.0,351.0,282.0,342.0,4.0,108.0,956.0,57.0,517.0,8.0,35.0,53.0,9.0,74.0,1012.0,13.0,497.0,5.0,222.0,854.0,51.0,539.0,6.0,25.0,50.0,6.0,51.0,728.0,7.0,5523.0,5288.0,6229.0,633.0,BOLIVAR,CARCHI
7,2006,1,30,0.0,0.0,1321.0,1568.0,2293.0,110.0,1433.0,9861.0,271.0,5257.0,71.0,420.0,619.0,103.0,2897.0,12081.0,219.0,3087.0,69.0,2741.0,10346.0,268.0,6381.0,65.0,455.0,599.0,122.0,3195.0,11335.0,197.0,56466.0,61267.0,74495.0,2889.0,IBARRA,IMBABURA
8,2006,1,31,0.0,0.0,0.0,0.0,0.0,0.0,0.0,4.0,0.0,10.0,1.0,0.0,2.0,0.0,1.0,6.0,0.0,2.0,0.0,0.0,2.0,0.0,10.0,0.0,0.0,2.0,0.0,1.0,6.0,0.0,51.0,42.0,47.0,0.0,AUSTRALIA,VOTO EXTERIOR
9,2006,1,35,0.0,0.0,1282.0,1800.0,1332.0,41.0,488.0,4976.0,189.0,1708.0,43.0,269.0,2002.0,57.0,955.0,5129.0,70.0,1908.0,61.0,975.0,4987.0,170.0,2230.0,46.0,267.0,1907.0,68.0,1184.0,4893.0,73.0,33084.0,36639.0,36028.0,3082.0,OTAVALO,IMBABURA
10,2006,1,40,0.0,0.0,700.0,731.0,831.0,17.0,210.0,1696.0,92.0,893.0,17.0,134.0,586.0,32.0,460.0,1915.0,24.0,951.0,18.0,367.0,1424.0,74.0,963.0,26.0,123.0,579.0,26.0,549.0,1615.0,34.0,14039.0,13591.0,13656.0,1431.0,COTACACHI,IMBABURA
11,2006,1,41,0.0,0.0,0.0,4.0,0.0,1.0,2.0,1.0,0.0,10.0,0.0,0.0,3.0,0.0,2.0,9.0,0.0,0.0,0.0,2.0,0.0,1.0,10.0,0.0,0.0,4.0,0.0,1.0,7.0,0.0,35.0,43.0,53.0,4.0,AUSTRIA,VOTO EXTERIOR
12,2006,1,45,0.0,0.0,317.0,417.0,604.0,26.0,317.0,2292.0,58.0,977.0,19.0,56.0,232.0,22.0,859.0,2693.0,47.0,922.0,23.0,615.0,2277.0,47.0,1256.0,16.0,76.0,253.0,12.0,1063.0,2540.0,41.0,12907.0,14176.0,17343.0,734.0,ANTONIO ANTE,IMBABURA
13,2006,1,50,0.0,0.0,266.0,289.0,471.0,13.0,112.0,994.0,33.0,339.0,6.0,42.0,150.0,15.0,159.0,912.0,7.0,611.0,13.0,203.0,871.0,37.0,321.0,7.0,17.0,113.0,12.0,173.0,609.0,14.0,6024.0,5823.0,6254.0,555.0,PIMAMPIRO,IMBABURA
14,2006,1,51,0.0,0.0,1.0,0.0,0.0,0.0,2.0,9.0,0.0,12.0,0.0,1.0,2.0,2.0,0.0,16.0,0.0,3.0,0.0,4.0,16.0,3.0,18.0,1.0,1.0,3.0,1.0,0.0,28.0,1.0,84.0,147.0,123.0,1.0,BELGICA,VOTO EXTERIOR
15,2006,1,55,0.0,0.0,377.0,369.0,568.0,2.0,90.0,930.0,48.0,437.0,9.0,41.0,55.0,5.0,240.0,809.0,13.0,696.0,8.0,182.0,772.0,30.0,405.0,7.0,40.0,42.0,7.0,240.0,598.0,16.0,5876.0,5814.0,6290.0,746.0,URCUQUI,IMBABURA
16,2006,1,60,0.0,0.0,9448.0,11421.0,29995.0,1437.0,21076.0,76156.0,2578.0,118882.0,1269.0,5455.0,9891.0,1961.0,11181.0,148434.0,3737.0,39220.0,896.0,37611.0,67113.0,1876.0,152886.0,1120.0,5405.0,10069.0,1761.0,10891.0,137184.0,2945.0,658649.0,712964.0,901029.0,20869.0,QUITO,PICHINCHA
17,2006,1,61,0.0,0.0,0.0,0.0,0.0,0.0,2.0,1.0,1.0,3.0,0.0,0.0,0.0,0.0,0.0,3.0,0.0,0.0,0.0,1.0,2.0,1.0,7.0,0.0,0.0,0.0,0.0,0.0,2.0,0.0,12.0,25.0,23.0,0.0,BOLIVIA,VOTO EXTERIOR
18,2006,1,65,0.0,0.0,808.0,1219.0,1415.0,30.0,496.0,3433.0,117.0,3016.0,62.0,160.0,2001.0,124.0,198.0,3322.0,92.0,1800.0,33.0,947.0,3138.0,108.0,3323.0,65.0,159.0,2087.0,86.0,210.0,2581.0,52.0,22153.0,23629.0,29055.0,2027.0,CAYAMBE,PICHINCHA
19,2006,1,70,0.0,0.0,493.0,681.0,1981.0,35.0,680.0,2853.0,124.0,2964.0,50.0,264.0,432.0,43.0,202.0,4352.0,162.0,2620.0,17.0,1211.0,2576.0,86.0,3431.0,47.0,249.0,491.0,49.0,194.0,3760.0,65.0,20579.0,22020.0,28938.0,1174.0,MEJIA,PICHINCHA
20,2006,1,71,0.0,0.0,0.0,0.0,0.0,0.0,2.0,1.0,0.0,7.0,0.0,0.0,0.0,0.0,0.0,2.0,0.0,0.0,0.0,4.0,1.0,0.0,7.0,0.0,0.0,0.0,0.0,0.0,1.0,0.0,16.0,16.0,25.0,0.0,BRASIL,VOTO EXTERIOR
21,2006,1,75,0.0,0.0,276.0,425.0,334.0,10.0,167.0,1082.0,24.0,1137.0,15.0,57.0,534.0,15.0,63.0,1352.0,26.0,418.0,11.0,355.0,959.0,38.0,1162.0,15.0,57.0,554.0,21.0,63.0,1280.0,35.0,7475.0,8003.0,9784.0,701.0,PEDRO MONCAYO,PICHINCHA
22,2006,1,80,0.0,0.0,380.0,364.0,1164.0,51.0,915.0,3670.0,105.0,4752.0,43.0,262.0,335.0,67.0,378.0,5985.0,153.0,1515.0,32.0,1712.0,3287.0,101.0,5770.0,29.0,217.0,399.0,53.0,376.0,5124.0,102.0,24924.0,26432.0,36597.0,744.0,RUMINAHUI,PICHINCHA
23,2006,1,81,0.0,0.0,3.0,7.0,7.0,1.0,43.0,47.0,10.0,101.0,0.0,5.0,7.0,2.0,1.0,84.0,5.0,9.0,0.0,61.0,49.0,4.0,118.0,0.0,3.0,11.0,1.0,4.0,59.0,3.0,459.0,496.0,635.0,10.0,CANADA,VOTO EXTERIOR
24,2006,1,85,0.0,0.0,3742.0,3398.0,13026.0,206.0,2743.0,19699.0,1105.0,7646.0,181.0,780.0,802.0,199.0,439.0,17347.0,302.0,15624.0,134.0,4645.0,16917.0,829.0,9275.0,156.0,612.0,622.0,147.0,326.0,14220.0,243.0,113832.0,109544.0,128225.0,7140.0,STO. DGO. DE LOS CLDS,PICHINCHA
25,2006,1,90,0.0,0.0,95.0,143.0,1056.0,9.0,66.0,632.0,14.0,256.0,5.0,11.0,27.0,2.0,1.0,635.0,8.0,1338.0,3.0,85.0,523.0,20.0,203.0,2.0,8.0,44.0,3.0,14.0,441.0,5.0,3931.0,3986.0,5411.0,238.0,TISALEO,TUNGURAHUA
26,2006,1,91,0.0,0.0,0.0,2.0,0.0,1.0,11.0,14.0,2.0,31.0,0.0,2.0,10.0,1.0,1.0,13.0,2.0,2.0,0.0,4.0,9.0,1.0,21.0,0.0,2.0,13.0,1.0,0.0,10.0,0.0,134.0,110.0,151.0,2.0,COLOMBIA,VOTO EXTERIOR
27,2006,1,95,0.0,0.0,236.0,160.0,487.0,18.0,310.0,607.0,163.0,396.0,5.0,31.0,18.0,9.0,13.0,1003.0,8.0,466.0,8.0,369.0,508.0,101.0,344.0,4.0,25.0,15.0,5.0,6.0,720.0,4.0,5011.0,4161.0,5643.0,396.0,BALAO,GUAYAS
28,2006,1,100,0.0,0.0,1423.0,2495.0,7131.0,126.0,1376.0,6096.0,340.0,4804.0,70.0,1084.0,2815.0,123.0,639.0,9546.0,169.0,9503.0,130.0,2193.0,5357.0,368.0,5444.0,95.0,1259.0,2846.0,154.0,696.0,8795.0,143.0,52348.0,59835.0,71302.0,3918.0,LATACUNGA,COTOPAXI
29,2006,1,101,0.0,0.0,0.0,0.0,0.0,0.0,1.0,1.0,0.0,1.0,0.0,0.0,5.0,0.0,0.0,1.0,0.0,0.0,0.0,2.0,0.0,0.0,1.0,0.0,0.0,0.0,0.0,0.0,1.0,0.0,10.0,7.0,13.0,0.0,COREA (SUR) REPUBLICA DE,VOTO EXTERIOR
30,2006,1,105,0.0,0.0,1330.0,1983.0,2274.0,46.0,239.0,1098.0,129.0,1069.0,35.0,490.0,1788.0,61.0,118.0,3783.0,39.0,2531.0,69.0,398.0,930.0,154.0,1086.0,37.0,513.0,1765.0,118.0,235.0,3607.0,71.0,22395.0,24555.0,22683.0,3313.0,PUJILI,COTOPAXI
31,2006,1,110,0.0,0.0,666.0,1171.0,3882.0,37.0,314.0,1722.0,172.0,1178.0,23.0,148.0,1264.0,43.0,96.0,2772.0,45.0,4709.0,44.0,557.0,1350.0,154.0,1362.0,33.0,164.0,1393.0,55.0,143.0,2256.0,35.0,19733.0,21682.0,23951.0,1837.0,SALCEDO,COTOPAXI
32,2006,1,111,0.0,0.0,0.0,0.0,2.0,0.0,7.0,4.0,1.0,18.0,0.0,0.0,1.0,0.0,0.0,8.0,1.0,0.0,0.0,3.0,8.0,0.0,21.0,0.0,1.0,1.0,0.0,0.0,8.0,0.0,68.0,66.0,84.0,0.0,COSTA RICA,VOTO EXTERIOR
33,2006,1,115,0.0,0.0,235.0,504.0,712.0,16.0,90.0,637.0,68.0,469.0,11.0,119.0,912.0,14.0,33.0,933.0,16.0,787.0,14.0,153.0,549.0,83.0,462.0,7.0,198.0,838.0,25.0,65.0,779.0,13.0,6792.0,7692.0,8003.0,739.0,SAQUISILI,COTOPAXI
34,2006,1,120,0.0,0.0,438.0,464.0,1832.0,23.0,118.0,389.0,21.0,178.0,8.0,28.0,311.0,16.0,18.0,423.0,9.0,1635.0,13.0,132.0,320.0,12.0,154.0,7.0,18.0,238.0,13.0,20.0,322.0,3.0,6718.0,6037.0,6261.0,902.0,PANGUA,COTOPAXI
35,2006,1,121,0.0,0.0,0.0,0.0,1.0,0.0,4.0,8.0,1.0,14.0,0.0,5.0,10.0,0.0,1.0,59.0,1.0,2.0,0.0,2.0,3.0,0.0,8.0,1.0,1.0,9.0,1.0,1.0,59.0,3.0,254.0,299.0,194.0,0.0,CUBA,VOTO EXTERIOR
36,2006,1,125,0.0,0.0,637.0,629.0,2685.0,15.0,248.0,517.0,135.0,110.0,12.0,49.0,15.0,10.0,22.0,375.0,7.0,2213.0,7.0,291.0,367.0,77.0,98.0,11.0,54.0,5.0,11.0,22.0,241.0,4.0,6908.0,5737.0,7601.0,1266.0,COLIMES,GUAYAS
37,2006,1,130,0.0,0.0,62.0,64.0,136.0,1.0,74.0,117.0,7.0,74.0,1.0,27.0,128.0,1.0,26.0,265.0,2.0,125.0,2.0,60.0,94.0,7.0,83.0,4.0,27.0,112.0,0.0,37.0,155.0,1.0,1515.0,1218.0,1566.0,126.0,NANGARITZA,ZAMORA CHINCHIPE
38,2006,1,131,0.0,0.0,4.0,5.0,7.0,4.0,70.0,93.0,9.0,191.0,0.0,4.0,5.0,1.0,1.0,98.0,2.0,11.0,2.0,127.0,124.0,20.0,233.0,0.0,7.0,7.0,1.0,1.0,119.0,1.0,678.0,852.0,1138.0,9.0,CHILE,VOTO EXTERIOR
39,2006,1,135,0.0,0.0,1918.0,3260.0,12390.0,324.0,3204.0,16402.0,455.0,11298.0,140.0,480.0,2285.0,190.0,862.0,20264.0,368.0,15712.0,254.0,5450.0,15425.0,337.0,13483.0,143.0,495.0,1825.0,217.0,864.0,17073.0,334.0,110482.0,118160.0,140274.0,5178.0,AMBATO,TUNGURAHUA
40,2006,1,140,0.0,0.0,465.0,775.0,3405.0,35.0,258.0,3346.0,106.0,953.0,20.0,88.0,645.0,33.0,94.0,2830.0,35.0,4322.0,20.0,442.0,2911.0,107.0,950.0,21.0,111.0,568.0,19.0,100.0,2200.0,19.0,17824.0,18893.0,23638.0,1240.0,PELILEO,TUNGURAHUA
41,2006,1,141,0.0,0.0,0.0,0.0,0.0,0.0,0.0,0.0,0.0,2.0,0.0,0.0,0.0,0.0,0.0,3.0,0.0,0.0,0.0,0.0,0.0,0.0,1.0,0.0,0.0,0.0,0.0,0.0,1.0,0.0,5.0,2.0,7.0,0.0,CHINA,VOTO EXTERIOR
42,2006,1,145,0.0,0.0,506.0,794.0,4023.0,34.0,187.0,1711.0,123.0,832.0,22.0,64.0,143.0,18.0,73.0,1806.0,37.0,4925.0,15.0,322.0,1422.0,124.0,865.0,30.0,60.0,130.0,37.0,52.0,1410.0,37.0,14453.0,15502.0,18502.0,1300.0,PILLARO,TUNGURAHUA
43,2006,1,150,0.0,0.0,188.0,136.0,1377.0,6.0,168.0,1251.0,18.0,483.0,11.0,32.0,73.0,10.0,120.0,1244.0,7.0,1674.0,3.0,277.0,1188.0,16.0,561.0,1.0,15.0,51.0,6.0,125.0,966.0,9.0,7319.0,7087.0,9692.0,324.0,BANOS,TUNGURAHUA
44,2006,1,155,0.0,0.0,127.0,94.0,1020.0,16.0,72.0,621.0,23.0,243.0,3.0,14.0,91.0,7.0,18.0,681.0,9.0,1178.0,5.0,109.0,494.0,4.0,302.0,10.0,17.0,79.0,5.0,13.0,499.0,7.0,4345.0,4197.0,5540.0,221.0,PATATE,TUNGURAHUA
45,2006,1,160,0.0,0.0,186.0,282.0,1661.0,6.0,82.0,1668.0,41.0,298.0,2.0,11.0,53.0,8.0,15.0,579.0,7.0,1902.0,9.0,152.0,1309.0,25.0,317.0,3.0,15.0,51.0,8.0,31.0,439.0,9.0,6651.0,6686.0,8701.0,468.0,QUERO,TUNGURAHUA
46,2006,1,161,0.0,0.0,0.0,0.0,0.0,0.0,2.0,1.0,0.0,4.0,0.0,0.0,1.0,0.0,0.0,5.0,0.0,0.0,0.0,1.0,0.0,0.0,8.0,0.0,0.0,3.0,0.0,0.0,2.0,0.0,17.0,16.0,27.0,0.0,EL SALVADOR,VOTO EXTERIOR
47,2006,1,165,0.0,0.0,1544.0,2191.0,5727.0,76.0,866.0,1747.0,98.0,1551.0,32.0,140.0,2478.0,59.0,398.0,2964.0,44.0,5608.0,89.0,1234.0,1595.0,116.0,1727.0,53.0,125.0,1988.0,75.0,483.0,2606.0,48.0,30655.0,33118.0,31927.0,3735.0,GUARANDA,BOLIVAR
48,2006,1,170,0.0,0.0,222.0,222.0,1235.0,19.0,330.0,444.0,19.0,287.0,9.0,24.0,86.0,6.0,60.0,659.0,9.0,1328.0,13.0,449.0,394.0,24.0,315.0,8.0,16.0,64.0,8.0,69.0,547.0,9.0,5983.0,6369.0,6431.0,444.0,CHIMBO,BOLIVAR
49,2006,1,171,0.0,0.0,790.0,1149.0,744.0,92.0,1733.0,5244.0,863.0,3501.0,103.0,305.0,741.0,83.0,174.0,3531.0,120.0,966.0,80.0,2636.0,5452.0,817.0,4005.0,94.0,322.0,760.0,94.0,174.0,3539.0,108.0,43305.0,47171.0,36281.0,1939.0,ESPAÑA,VOTO EXTERIOR
50,2006,1,175,0.0,0.0,539.0,497.0,2919.0,32.0,294.0,531.0,30.0,432.0,23.0,86.0,90.0,21.0,139.0,1112.0,19.0,3391.0,27.0,386.0,489.0,23.0,471.0,11.0,43.0,64.0,22.0,150.0,1019.0,17.0,10971.0,11872.0,11841.0,1036.0,SAN MIGUEL,BOLIVAR
51,2006,1,180,0.0,0.0,449.0,481.0,2472.0,13.0,242.0,249.0,18.0,96.0,1.0,36.0,89.0,8.0,10.0,284.0,7.0,2370.0,12.0,271.0,165.0,10.0,102.0,7.0,17.0,76.0,3.0,11.0,244.0,12.0,6855.0,6728.0,6825.0,930.0,CHILLANES,BOLIVAR
52,2006,1,181,0.0,0.0,52.0,33.0,148.0,13.0,525.0,681.0,75.0,1530.0,11.0,58.0,102.0,10.0,34.0,1616.0,16.0,58.0,9.0,485.0,461.0,53.0,1240.0,5.0,34.0,44.0,1.0,33.0,706.0,8.0,10017.0,6521.0,7956.0,85.0,ESTADOS UNIDOS DE AMERICA,VOTO EXTERIOR
53,2006,1,185,0.0,0.0,240.0,214.0,2039.0,5.0,114.0,343.0,13.0,149.0,6.0,45.0,47.0,2.0,13.0,344.0,6.0,1869.0,6.0,151.0,266.0,15.0,157.0,1.0,37.0,26.0,1.0,9.0,240.0,22.0,5230.0,4895.0,5926.0,454.0,ECHEANDIA,BOLIVAR
54,2006,1,190,0.0,0.0,171.0,244.0,741.0,10.0,135.0,582.0,17.0,251.0,10.0,59.0,57.0,5.0,42.0,430.0,6.0,846.0,10.0,231.0,535.0,18.0,254.0,4.0,69.0,50.0,5.0,20.0,381.0,3.0,3986.0,4351.0,4771.0,415.0,CHAMBO,CHIMBORAZO
55,2006,1,191,0.0,0.0,0.0,2.0,2.0,0.0,10.0,10.0,2.0,15.0,0.0,2.0,8.0,0.0,0.0,10.0,0.0,1.0,0.0,13.0,18.0,1.0,26.0,0.0,3.0,6.0,1.0,2.0,21.0,1.0,127.0,191.0,152.0,2.0,FRANCIA,VOTO EXTERIOR
56,2006,1,195,0.0,0.0,1698.0,3285.0,6393.0,251.0,2231.0,9942.0,394.0,7644.0,160.0,555.0,1944.0,171.0,1029.0,11965.0,341.0,8189.0,228.0,4540.0,10135.0,363.0,9214.0,161.0,631.0,1945.0,197.0,1070.0,10765.0,357.0,73844.0,84543.0,90815.0,4983.0,RIOBAMBA,CHIMBORAZO
57,2006,1,200,0.0,0.0,446.0,781.0,2651.0,25.0,253.0,1516.0,68.0,809.0,30.0,119.0,306.0,34.0,87.0,1512.0,89.0,3347.0,26.0,427.0,1388.0,79.0,844.0,47.0,136.0,326.0,30.0,79.0,1181.0,30.0,13538.0,15690.0,15439.0,1227.0,GUANO,CHIMBORAZO
58,2006,1,201,0.0,0.0,2.0,3.0,6.0,0.0,10.0,22.0,3.0,38.0,0.0,1.0,5.0,0.0,2.0,54.0,0.0,5.0,0.0,19.0,19.0,4.0,36.0,1.0,2.0,7.0,0.0,2.0,33.0,0.0,307.0,304.0,269.0,5.0,REINO UNIDO DE GRAN BRETAÑA E IRLANDA DEL NORTE,VOTO EXTERIOR
59,2006,1,205,0.0,0.0,848.0,1688.0,2253.0,37.0,178.0,1251.0,137.0,1091.0,40.0,182.0,1638.0,47.0,73.0,2002.0,54.0,1951.0,67.0,261.0,845.0,109.0,812.0,64.0,207.0,1430.0,79.0,166.0,1151.0,110.0,19884.0,21260.0,16235.0,2536.0,COLTA,CHIMBORAZO
60,2006,1,210,0.0,0.0,726.0,1519.0,1326.0,24.0,72.0,649.0,84.0,777.0,16.0,364.0,1764.0,68.0,54.0,1142.0,36.0,1060.0,48.0,164.0,512.0,86.0,469.0,47.0,369.0,1539.0,54.0,135.0,530.0,89.0,12005.0,12407.0,11478.0,2245.0,GUAMOTE,CHIMBORAZO
61,2006,1,211,0.0,0.0,0.0,0.0,0.0,0.0,5.0,2.0,0.0,10.0,0.0,0.0,0.0,0.0,0.0,4.0,0.0,0.0,0.0,2.0,4.0,0.0,6.0,0.0,0.0,0.0,0.0,0.0,1.0,0.0,30.0,17.0,34.0,0.0,GUATEMALA,VOTO EXTERIOR
62,2006,1,215,0.0,0.0,994.0,1546.0,2206.0,88.0,136.0,572.0,72.0,620.0,55.0,117.0,659.0,38.0,85.0,1062.0,54.0,2186.0,110.0,332.0,567.0,79.0,652.0,59.0,126.0,581.0,64.0,105.0,688.0,61.0,16065.0,16347.0,11374.0,2540.0,ALAUSI,CHIMBORAZO
63,2006,1,220,0.0,0.0,169.0,308.0,553.0,6.0,101.0,218.0,99.0,161.0,4.0,22.0,136.0,5.0,21.0,270.0,3.0,734.0,10.0,182.0,259.0,97.0,190.0,11.0,28.0,181.0,15.0,24.0,225.0,6.0,5362.0,5249.0,3561.0,477.0,CHUNCHI,CHIMBORAZO
64,2006,1,221,0.0,0.0,0.0,0.0,0.0,0.0,24.0,7.0,0.0,30.0,0.0,0.0,1.0,0.0,1.0,20.0,0.0,0.0,0.0,10.0,3.0,0.0,18.0,0.0,0.0,1.0,0.0,1.0,20.0,0.0,124.0,63.0,136.0,0.0,HONDURAS,VOTO EXTERIOR
65,2006,1,225,0.0,0.0,90.0,118.0,454.0,3.0,73.0,364.0,25.0,287.0,4.0,64.0,43.0,3.0,17.0,354.0,6.0,556.0,6.0,98.0,313.0,20.0,287.0,8.0,47.0,34.0,10.0,17.0,284.0,8.0,3021.0,3084.0,3385.0,208.0,PENIPE,CHIMBORAZO
66,2006,1,230,0.0,0.0,831.0,815.0,174.0,11.0,1430.0,1039.0,714.0,497.0,10.0,33.0,20.0,13.0,27.0,1150.0,13.0,167.0,4.0,1405.0,706.0,496.0,533.0,14.0,29.0,8.0,17.0,23.0,857.0,10.0,10024.0,8732.0,9400.0,1646.0,FLAVIO ALFARO,MANABI
67,2006,1,231,0.0,0.0,0.0,0.0,0.0,0.0,2.0,1.0,0.0,7.0,0.0,0.0,2.0,0.0,0.0,3.0,0.0,0.0,0.0,1.0,0.0,0.0,4.0,0.0,0.0,0.0,0.0,0.0,0.0,0.0,18.0,7.0,20.0,0.0,HUNGRIA,VOTO EXTERIOR
68,2006,1,235,0.0,0.0,604.0,1073.0,2300.0,35.0,797.0,1601.0,103.0,1720.0,36.0,318.0,496.0,54.0,326.0,3593.0,58.0,4175.0,37.0,1386.0,1822.0,105.0,2700.0,60.0,423.0,585.0,52.0,355.0,4302.0,52.0,29336.0,31771.0,27491.0,1677.0,AZOGUES,CANAR
69,2006,1,240,0.0,0.0,745.0,1240.0,1696.0,31.0,528.0,976.0,99.0,1204.0,27.0,145.0,1103.0,37.0,60.0,1952.0,34.0,2465.0,45.0,765.0,1207.0,119.0,1603.0,39.0,173.0,1642.0,66.0,88.0,1906.0,28.0,21944.0,22277.0,18038.0,1985.0,CANAR,CANAR
70,2006,1,241,0.0,0.0,155.0,271.0,110.0,1.0,25.0,85.0,7.0,143.0,5.0,9.0,289.0,6.0,10.0,94.0,5.0,170.0,6.0,24.0,74.0,7.0,157.0,5.0,10.0,477.0,5.0,22.0,84.0,12.0,2469.0,2319.0,1842.0,426.0,SUSCAL,CANAR
71,2006,1,242,0.0,0.0,0.0,0.0,0.0,0.0,0.0,0.0,0.0,0.0,0.0,0.0,1.0,0.0,0.0,2.0,0.0,0.0,0.0,0.0,0.0,0.0,0.0,0.0,0.0,0.0,0.0,0.0,1.0,0.0,5.0,2.0,4.0,0.0,INDIA,VOTO EXTERIOR
72,2006,1,245,0.0,0.0,212.0,345.0,535.0,8.0,202.0,548.0,39.0,450.0,13.0,48.0,157.0,7.0,62.0,675.0,11.0,1103.0,6.0,434.0,742.0,52.0,768.0,9.0,72.0,335.0,13.0,63.0,735.0,25.0,10798.0,10991.0,7112.0,557.0,BIBLIAN,CANAR
73,2006,1,250,0.0,0.0,539.0,538.0,4397.0,12.0,352.0,943.0,165.0,501.0,11.0,209.0,71.0,14.0,29.0,1284.0,42.0,5002.0,10.0,502.0,780.0,114.0,527.0,32.0,184.0,88.0,18.0,40.0,999.0,36.0,15579.0,14431.0,16362.0,1077.0,LA TRONCAL,CANAR
74,2006,1,251,0.0,0.0,0.0,1.0,0.0,0.0,0.0,1.0,0.0,1.0,0.0,0.0,0.0,0.0,0.0,1.0,0.0,2.0,0.0,1.0,1.0,0.0,7.0,1.0,0.0,0.0,0.0,0.0,7.0,0.0,5.0,30.0,22.0,1.0,ISRAEL,VOTO EXTERIOR
75,2006,1,255,0.0,0.0,46.0,28.0,1100.0,1.0,59.0,139.0,5.0,77.0,1.0,16.0,7.0,1.0,7.0,108.0,4.0,1060.0,2.0,56.0,107.0,5.0,63.0,0.0,12.0,3.0,3.0,4.0,68.0,2.0,2122.0,1890.0,2910.0,74.0,EL CHACO,NAPO
76,2006,1,260,0.0,0.0,2795.0,4785.0,10208.0,269.0,5916.0,15927.0,774.0,17392.0,179.0,1065.0,1586.0,218.0,1198.0,33164.0,731.0,16068.0,284.0,10361.0,15683.0,620.0,23818.0,241.0,1179.0,1894.0,256.0,1238.0,33118.0,677.0,160269.0,172005.0,194064.0,7580.0,CUENCA,AZUAY
77,2006,1,261,0.0,0.0,127.0,224.0,202.0,26.0,871.0,1193.0,321.0,1106.0,23.0,101.0,167.0,15.0,35.0,829.0,33.0,416.0,51.0,2116.0,1789.0,462.0,1893.0,52.0,128.0,235.0,25.0,68.0,1563.0,33.0,9045.0,15762.0,13753.0,351.0,ITALIA,VOTO EXTERIOR
78,2006,1,265,0.0,0.0,510.0,1072.0,1193.0,11.0,402.0,658.0,51.0,951.0,14.0,112.0,107.0,25.0,46.0,1548.0,103.0,2181.0,21.0,775.0,873.0,50.0,1375.0,39.0,173.0,173.0,28.0,84.0,1564.0,111.0,15712.0,16470.0,12668.0,1582.0,GUALACEO,AZUAY
79,2006,1,270,0.0,0.0,167.0,297.0,253.0,4.0,119.0,400.0,29.0,251.0,7.0,51.0,139.0,8.0,15.0,545.0,9.0,411.0,4.0,255.0,431.0,21.0,344.0,5.0,91.0,238.0,18.0,20.0,660.0,9.0,6587.0,6599.0,4337.0,464.0,GIRON,AZUAY
80,2006,1,271,0.0,0.0,0.0,0.0,0.0,0.0,0.0,2.0,0.0,5.0,0.0,0.0,0.0,0.0,1.0,4.0,0.0,0.0,0.0,2.0,0.0,0.0,5.0,0.0,0.0,0.0,0.0,1.0,0.0,0.0,14.0,9.0,20.0,0.0,JAPON,VOTO EXTERIOR
81,2006,1,275,0.0,0.0,294.0,646.0,1036.0,13.0,290.0,667.0,37.0,530.0,9.0,57.0,53.0,15.0,49.0,1104.0,21.0,1501.0,15.0,512.0,597.0,30.0,754.0,13.0,75.0,91.0,14.0,46.0,996.0,12.0,9370.0,9784.0,8537.0,940.0,PAUTE,AZUAY
82,2006,1,280,0.0,0.0,316.0,808.0,775.0,14.0,138.0,462.0,36.0,509.0,15.0,125.0,112.0,14.0,26.0,1203.0,23.0,1350.0,14.0,237.0,541.0,57.0,795.0,26.0,189.0,162.0,31.0,57.0,1507.0,33.0,9418.0,10948.0,8451.0,1124.0,SIGSIG,AZUAY
83,2006,1,281,0.0,0.0,0.0,0.0,0.0,1.0,9.0,4.0,1.0,21.0,0.0,0.0,1.0,0.0,0.0,12.0,0.0,0.0,0.0,7.0,5.0,0.0,19.0,0.0,0.0,1.0,0.0,0.0,10.0,0.0,61.0,54.0,91.0,0.0,MEXICO,VOTO EXTERIOR
84,2006,1,285,0.0,0.0,192.0,257.0,372.0,4.0,251.0,650.0,57.0,432.0,8.0,356.0,141.0,5.0,13.0,847.0,13.0,526.0,9.0,436.0,707.0,56.0,494.0,5.0,498.0,187.0,8.0,11.0,813.0,9.0,7514.0,7275.0,6908.0,449.0,SANTA ISABEL,AZUAY
85,2006,1,290,0.0,0.0,266.0,265.0,1009.0,169.0,185.0,1606.0,119.0,529.0,11.0,28.0,93.0,8.0,64.0,1063.0,73.0,1326.0,183.0,338.0,1663.0,81.0,656.0,7.0,27.0,90.0,14.0,60.0,938.0,56.0,9215.0,9328.0,10396.0,531.0,CATAMAYO,LOJA
86,2006,1,291,0.0,0.0,0.0,0.0,0.0,0.0,6.0,4.0,2.0,11.0,0.0,0.0,1.0,0.0,0.0,6.0,0.0,0.0,0.0,1.0,3.0,0.0,14.0,0.0,0.0,1.0,0.0,0.0,1.0,0.0,36.0,25.0,50.0,0.0,NICARAGUA,VOTO EXTERIOR
87,2006,1,295,0.0,0.0,206.0,184.0,126.0,25.0,406.0,319.0,138.0,391.0,4.0,17.0,36.0,6.0,13.0,584.0,10.0,116.0,23.0,484.0,260.0,94.0,373.0,2.0,10.0,36.0,6.0,13.0,384.0,4.0,3828.0,3467.0,3880.0,390.0,ZAPOTILLO,LOJA
88,2006,1,300,0.0,0.0,1440.0,1740.0,2407.0,467.0,1826.0,11903.0,496.0,6360.0,70.0,291.0,959.0,57.0,982.0,12988.0,587.0,3751.0,433.0,3238.0,13474.0,510.0,8575.0,62.0,267.0,1030.0,86.0,1226.0,12232.0,564.0,64068.0,71770.0,84841.0,3180.0,LOJA,LOJA
89,2006,1,301,0.0,0.0,0.0,0.0,0.0,0.0,3.0,2.0,0.0,7.0,0.0,0.0,0.0,0.0,0.0,5.0,0.0,0.0,0.0,9.0,5.0,1.0,13.0,0.0,0.0,1.0,0.0,0.0,14.0,0.0,26.0,60.0,60.0,0.0,PAISES BAJOS (HOLANDA),VOTO EXTERIOR
90,2006,1,305,0.0,0.0,274.0,505.0,505.0,53.0,474.0,763.0,76.0,342.0,9.0,24.0,827.0,13.0,35.0,1250.0,14.0,641.0,49.0,801.0,712.0,74.0,336.0,11.0,29.0,871.0,47.0,51.0,1178.0,16.0,9819.0,10377.0,9201.0,779.0,SARAGURO,LOJA
91,2006,1,310,0.0,0.0,279.0,259.0,1012.0,193.0,256.0,750.0,97.0,585.0,10.0,35.0,155.0,11.0,27.0,1112.0,16.0,1297.0,177.0,295.0,750.0,76.0,571.0,10.0,43.0,178.0,17.0,43.0,867.0,19.0,9087.0,9010.0,8602.0,538.0,PALTAS,LOJA
92,2006,1,311,0.0,0.0,124.0,96.0,296.0,32.0,122.0,154.0,37.0,92.0,26.0,17.0,20.0,4.0,8.0,214.0,3.0,346.0,23.0,146.0,94.0,23.0,114.0,3.0,25.0,12.0,1.0,10.0,156.0,5.0,2259.0,2064.0,1983.0,220.0,OLMEDO,LOJA
93,2006,1,312,0.0,0.0,0.0,0.0,0.0,0.0,1.0,6.0,0.0,7.0,0.0,0.0,0.0,0.0,0.0,8.0,0.0,1.0,1.0,11.0,5.0,1.0,16.0,0.0,0.0,0.0,0.0,0.0,7.0,0.0,29.0,50.0,64.0,0.0,PANAMA,VOTO EXTERIOR
94,2006,1,315,0.0,0.0,211.0,270.0,195.0,56.0,267.0,374.0,62.0,659.0,9.0,20.0,26.0,7.0,26.0,582.0,13.0,198.0,50.0,293.0,432.0,41.0,626.0,9.0,32.0,20.0,12.0,22.0,409.0,7.0,4574.0,4678.0,4447.0,481.0,CELICA,LOJA
95,2006,1,320,0.0,0.0,305.0,330.0,857.0,307.0,245.0,894.0,97.0,449.0,15.0,90.0,64.0,10.0,44.0,1450.0,30.0,1151.0,271.0,381.0,984.0,51.0,663.0,13.0,77.0,56.0,13.0,66.0,1212.0,37.0,10975.0,11285.0,9527.0,635.0,CALVAS,LOJA
96,2006,1,321,0.0,0.0,0.0,0.0,0.0,0.0,2.0,1.0,0.0,8.0,0.0,0.0,0.0,0.0,0.0,1.0,0.0,0.0,0.0,2.0,4.0,0.0,5.0,0.0,0.0,0.0,0.0,0.0,0.0,0.0,22.0,15.0,23.0,0.0,PARAGUAY,VOTO EXTERIOR
97,2006,1,325,0.0,0.0,255.0,270.0,193.0,71.0,284.0,866.0,134.0,703.0,8.0,14.0,38.0,6.0,17.0,1073.0,13.0,253.0,62.0,330.0,877.0,113.0,821.0,6.0,23.0,34.0,7.0,13.0,976.0,11.0,7344.0,6870.0,6946.0,525.0,MACARA,LOJA
98,2006,1,330,0.0,0.0,379.0,304.0,288.0,23.0,311.0,386.0,206.0,401.0,9.0,25.0,87.0,9.0,24.0,1075.0,8.0,388.0,13.0,396.0,297.0,179.0,411.0,5.0,21.0,77.0,11.0,20.0,882.0,12.0,6306.0,6157.0,5564.0,683.0,PUYANGO,LOJA
99,2006,1,331,0.0,0.0,0.0,1.0,0.0,1.0,18.0,10.0,0.0,34.0,0.0,0.0,0.0,0.0,0.0,12.0,0.0,0.0,0.0,30.0,18.0,1.0,35.0,0.0,0.0,0.0,0.0,1.0,10.0,0.0,99.0,123.0,170.0,1.0,PERU,VOTO EXTERIOR
100,2006,1,335,0.0,0.0,173.0,158.0,340.0,192.0,262.0,597.0,38.0,331.0,13.0,27.0,41.0,14.0,19.0,517.0,16.0,396.0,180.0,314.0,570.0,21.0,334.0,10.0,33.0,21.0,4.0,19.0,446.0,11.0,5682.0,5463.0,4766.0,331.0,GONZANAMA,LOJA
101,2006,1,340,0.0,0.0,223.0,166.0,602.0,79.0,460.0,311.0,51.0,162.0,8.0,13.0,37.0,12.0,17.0,567.0,21.0,629.0,80.0,501.0,266.0,56.0,152.0,8.0,11.0,27.0,4.0,11.0,374.0,19.0,5852.0,5544.0,4478.0,389.0,ESPINDOLA,LOJA
102,2006,1,341,0.0,0.0,0.0,0.0,0.0,0.0,0.0,0.0,0.0,3.0,0.0,0.0,0.0,0.0,0.0,2.0,0.0,0.0,0.0,2.0,1.0,0.0,4.0,0.0,0.0,0.0,0.0,0.0,3.0,0.0,5.0,13.0,15.0,0.0,EGIPTO,VOTO EXTERIOR
103,2006,1,345,0.0,0.0,127.0,121.0,91.0,57.0,116.0,173.0,40.0,122.0,6.0,6.0,21.0,3.0,14.0,339.0,15.0,157.0,85.0,186.0,212.0,32.0,152.0,1.0,12.0,16.0,3.0,8.0,316.0,7.0,2960.0,2693.0,2190.0,248.0,SOZORANGA,LOJA
104,2006,1,350,0.0,0.0,1350.0,1397.0,2671.0,356.0,5064.0,12490.0,1241.0,6617.0,79.0,524.0,342.0,60.0,545.0,19148.0,177.0,3181.0,220.0,8150.0,11281.0,1121.0,8694.0,45.0,448.0,290.0,57.0,394.0,15993.0,173.0,78129.0,77315.0,99361.0,2747.0,MACHALA,EL ORO
105,2006,1,351,0.0,0.0,0.0,0.0,0.0,0.0,1.0,3.0,0.0,2.0,0.0,0.0,0.0,0.0,0.0,3.0,0.0,0.0,0.0,0.0,3.0,0.0,3.0,0.0,0.0,0.0,0.0,0.0,3.0,0.0,12.0,10.0,18.0,0.0,REPUBLICA DOMINICANA,VOTO EXTERIOR
106,2006,1,355,0.0,0.0,509.0,446.0,1702.0,181.0,695.0,4483.0,761.0,1591.0,21.0,172.0,90.0,18.0,82.0,3700.0,35.0,2095.0,137.0,1115.0,3960.0,749.0,2054.0,21.0,157.0,78.0,10.0,64.0,3026.0,21.0,22707.0,21812.0,27018.0,955.0,SANTA ROSA,EL ORO
107,2006,1,360,0.0,0.0,298.0,286.0,240.0,30.0,556.0,633.0,141.0,993.0,13.0,108.0,67.0,15.0,62.0,2295.0,12.0,268.0,16.0,678.0,516.0,135.0,1173.0,10.0,100.0,53.0,13.0,33.0,1879.0,15.0,9533.0,9025.0,10054.0,584.0,ZARUMA,EL ORO
108,2006,1,361,0.0,0.0,0.0,0.0,1.0,0.0,1.0,0.0,0.0,8.0,0.0,0.0,1.0,0.0,0.0,5.0,0.0,0.0,0.0,3.0,1.0,0.0,9.0,1.0,0.0,0.0,0.0,0.0,3.0,0.0,28.0,23.0,33.0,0.0,SUECIA,VOTO EXTERIOR
109,2006,1,365,0.0,0.0,661.0,528.0,1981.0,107.0,964.0,4332.0,547.0,1637.0,36.0,208.0,207.0,20.0,101.0,5295.0,56.0,2264.0,50.0,1654.0,3438.0,338.0,1996.0,27.0,133.0,191.0,13.0,63.0,4546.0,92.0,26519.0,24732.0,30296.0,1189.0,PASAJE,EL ORO
110,2006,1,370,0.0,0.0,321.0,260.0,167.0,28.0,326.0,704.0,212.0,969.0,13.0,56.0,33.0,21.0,68.0,2293.0,22.0,188.0,34.0,522.0,631.0,194.0,1382.0,10.0,36.0,26.0,13.0,56.0,1961.0,7.0,9498.0,9010.0,9972.0,581.0,PINAS,EL ORO
111,2006,1,371,0.0,0.0,3.0,3.0,5.0,1.0,4.0,14.0,4.0,33.0,0.0,23.0,3.0,0.0,0.0,34.0,2.0,8.0,0.0,21.0,22.0,2.0,75.0,1.0,22.0,6.0,1.0,6.0,53.0,2.0,258.0,442.0,342.0,6.0,SUIZA,VOTO EXTERIOR
112,2006,1,375,0.0,0.0,323.0,347.0,404.0,113.0,265.0,1279.0,228.0,546.0,11.0,64.0,58.0,14.0,38.0,1675.0,13.0,612.0,132.0,338.0,1141.0,194.0,611.0,10.0,50.0,68.0,10.0,32.0,1375.0,6.0,7907.0,7433.0,9287.0,670.0,ARENILLAS,EL ORO
113,2006,1,380,0.0,0.0,508.0,388.0,927.0,71.0,677.0,2124.0,648.0,955.0,12.0,127.0,62.0,18.0,50.0,3587.0,29.0,941.0,63.0,1100.0,1647.0,489.0,1031.0,54.0,82.0,42.0,21.0,33.0,2640.0,16.0,15096.0,12479.0,17446.0,896.0,EL GUABO,EL ORO
114,2006,1,381,0.0,0.0,1.0,0.0,0.0,0.0,2.0,5.0,0.0,22.0,0.0,0.0,3.0,0.0,0.0,10.0,1.0,0.0,0.0,0.0,0.0,0.0,1.0,0.0,0.0,0.0,0.0,0.0,9.0,0.0,107.0,20.0,53.0,1.0,FEDERACION DE RUSIA,VOTO EXTERIOR
115,2006,1,385,0.0,0.0,1684.0,1410.0,4861.0,73.0,1300.0,4464.0,299.0,493.0,40.0,266.0,78.0,48.0,88.0,1755.0,31.0,5387.0,58.0,1653.0,3746.0,216.0,555.0,44.0,247.0,48.0,26.0,58.0,1232.0,14.0,26462.0,24188.0,27080.0,3094.0,EL EMPALME,GUAYAS
116,2006,1,390,0.0,0.0,16409.0,17183.0,27255.0,3894.0,68756.0,185657.0,12062.0,51784.0,993.0,4045.0,1892.0,806.0,4335.0,104482.0,1023.0,28272.0,2160.0,110505.0,180990.0,12997.0,62592.0,862.0,4144.0,1673.0,744.0,3026.0,79365.0,765.0,720560.0,770379.0,955079.0,33592.0,GUAYAQUIL,GUAYAS
117,2006,1,391,0.0,0.0,0.0,0.0,0.0,1.0,0.0,0.0,0.0,7.0,0.0,0.0,1.0,0.0,1.0,3.0,0.0,0.0,0.0,1.0,1.0,0.0,12.0,0.0,0.0,0.0,0.0,0.0,1.0,0.0,17.0,17.0,28.0,0.0,URUGUAY,VOTO EXTERIOR
118,2006,1,395,0.0,0.0,831.0,779.0,2744.0,32.0,638.0,2405.0,278.0,434.0,28.0,167.0,49.0,30.0,62.0,981.0,12.0,2941.0,19.0,1109.0,2327.0,254.0,574.0,25.0,155.0,54.0,22.0,48.0,760.0,7.0,14591.0,13509.0,16155.0,1610.0,YAGUACHI,GUAYAS
119,2006,1,400,0.0,0.0,2948.0,2086.0,11934.0,70.0,1962.0,4777.0,478.0,491.0,55.0,256.0,123.0,65.0,146.0,1801.0,37.0,11713.0,52.0,3031.0,4483.0,403.0,704.0,50.0,344.0,88.0,45.0,102.0,1345.0,30.0,37843.0,35311.0,44585.0,5034.0,DAULE,GUAYAS
120,2006,1,401,0.0,0.0,8.0,61.0,13.0,2.0,55.0,462.0,17.0,191.0,7.0,5.0,17.0,2.0,9.0,342.0,11.0,24.0,29.0,249.0,469.0,83.0,186.0,7.0,12.0,10.0,3.0,8.0,188.0,9.0,1870.0,2005.0,2410.0,69.0,VENEZUELA,VOTO EXTERIOR
121,2006,1,405,0.0,0.0,484.0,528.0,148.0,71.0,978.0,6590.0,151.0,1776.0,53.0,54.0,48.0,28.0,66.0,1354.0,29.0,191.0,66.0,1391.0,6761.0,146.0,1962.0,26.0,67.0,22.0,22.0,58.0,965.0,13.0,14976.0,14952.0,23036.0,1012.0,SALINAS,GUAYAS
122,2006,1,410,0.0,0.0,2187.0,2526.0,697.0,81.0,2317.0,14802.0,841.0,3976.0,141.0,369.0,269.0,131.0,184.0,2707.0,43.0,734.0,37.0,3389.0,13951.0,632.0,3930.0,87.0,410.0,166.0,118.0,112.0,1660.0,43.0,37466.0,36265.0,51827.0,4713.0,SANTA ELENA,GUAYAS
123,2006,1,411,0.0,0.0,0.0,0.0,0.0,0.0,1.0,0.0,0.0,4.0,0.0,0.0,0.0,0.0,0.0,0.0,0.0,0.0,0.0,0.0,0.0,0.0,3.0,0.0,0.0,0.0,0.0,0.0,1.0,0.0,6.0,5.0,9.0,0.0,INDONESIA,VOTO EXTERIOR
124,2006,1,415,0.0,0.0,1262.0,973.0,3945.0,35.0,708.0,2350.0,1419.0,376.0,45.0,204.0,44.0,24.0,83.0,1050.0,19.0,3570.0,27.0,1066.0,1872.0,1108.0,349.0,41.0,216.0,32.0,30.0,74.0,726.0,23.0,19785.0,17779.0,19436.0,2235.0,BALZAR,GUAYAS
125,2006,1,420,0.0,0.0,2304.0,2015.0,9833.0,185.0,2551.0,12161.0,1326.0,2780.0,93.0,458.0,325.0,103.0,582.0,6198.0,100.0,10395.0,121.0,3931.0,12039.0,1205.0,3255.0,79.0,467.0,229.0,103.0,330.0,4864.0,44.0,58788.0,58328.0,73757.0,4319.0,MILAGRO,GUAYAS
126,2006,1,421,0.0,0.0,0.0,0.0,0.0,0.0,0.0,0.0,0.0,5.0,0.0,0.0,0.0,0.0,0.0,1.0,0.0,0.0,0.0,0.0,0.0,0.0,6.0,0.0,0.0,0.0,0.0,0.0,0.0,0.0,7.0,7.0,12.0,0.0,MALASIA,VOTO EXTERIOR
127,2006,1,425,0.0,0.0,1136.0,626.0,4076.0,49.0,1764.0,2035.0,351.0,908.0,20.0,58.0,32.0,17.0,65.0,1396.0,15.0,3438.0,41.0,2463.0,2039.0,297.0,1195.0,8.0,29.0,18.0,11.0,31.0,1117.0,9.0,16720.0,15912.0,21482.0,1762.0,SAMBORONDON,GUAYAS
128,2006,1,430,0.0,0.0,1515.0,1162.0,7037.0,41.0,588.0,1525.0,198.0,292.0,32.0,114.0,73.0,26.0,48.0,720.0,19.0,6228.0,36.0,755.0,1289.0,193.0,308.0,23.0,168.0,60.0,11.0,31.0,524.0,10.0,18560.0,15965.0,20349.0,2677.0,SALITRE,GUAYAS
129,2006,1,431,0.0,0.0,0.0,0.0,0.0,0.0,1.0,1.0,0.0,4.0,0.0,0.0,4.0,0.0,0.0,2.0,0.0,0.0,0.0,1.0,1.0,0.0,0.0,0.0,0.0,0.0,0.0,0.0,0.0,1.0,21.0,5.0,15.0,0.0,POLONIA,VOTO EXTERIOR
130,2006,1,435,0.0,0.0,830.0,552.0,3012.0,116.0,804.0,1964.0,602.0,438.0,24.0,158.0,146.0,34.0,34.0,2557.0,22.0,3191.0,59.0,1214.0,1614.0,493.0,549.0,20.0,161.0,117.0,22.0,23.0,1899.0,16.0,17965.0,15489.0,19289.0,1382.0,NARANJAL,GUAYAS
131,2006,1,440,0.0,0.0,4186.0,3611.0,4748.0,248.0,3807.0,25151.0,1466.0,2963.0,141.0,562.0,259.0,152.0,601.0,14426.0,277.0,6249.0,163.0,5302.0,28232.0,1208.0,3892.0,110.0,533.0,215.0,119.0,486.0,12346.0,273.0,91707.0,95494.0,113929.0,7797.0,PORTOVIEJO,MANABI
132,2006,1,445,0.0,0.0,915.0,799.0,1249.0,22.0,681.0,5931.0,256.0,355.0,14.0,106.0,40.0,19.0,55.0,1342.0,66.0,1568.0,21.0,869.0,5851.0,243.0,357.0,16.0,121.0,40.0,15.0,55.0,869.0,34.0,16322.0,16092.0,20195.0,1714.0,MONTECRISTI,MANABI
133,2006,1,446,0.0,0.0,302.0,296.0,200.0,3.0,362.0,1832.0,40.0,93.0,8.0,13.0,11.0,7.0,14.0,277.0,5.0,272.0,5.0,433.0,1795.0,25.0,94.0,7.0,7.0,15.0,2.0,14.0,181.0,8.0,4148.0,3864.0,5723.0,598.0,JARAMIJO,MANABI
134,2006,1,450,0.0,0.0,2558.0,2098.0,1955.0,216.0,2092.0,24451.0,824.0,3130.0,82.0,219.0,404.0,110.0,428.0,10331.0,303.0,2404.0,127.0,3107.0,27053.0,646.0,4223.0,80.0,237.0,318.0,68.0,372.0,7777.0,252.0,70687.0,73517.0,91209.0,4656.0,MANTA,MANABI
135,2006,1,455,0.0,0.0,1620.0,1364.0,2235.0,109.0,1873.0,6214.0,507.0,1407.0,55.0,385.0,176.0,75.0,118.0,4619.0,96.0,1817.0,71.0,2422.0,5979.0,398.0,1552.0,41.0,349.0,146.0,37.0,129.0,3285.0,99.0,30613.0,28555.0,34194.0,2984.0,JIPIJAPA,MANABI
136,2006,1,460,0.0,0.0,1071.0,862.0,1077.0,31.0,558.0,2576.0,438.0,313.0,22.0,107.0,54.0,22.0,62.0,1079.0,57.0,1014.0,16.0,520.0,2100.0,341.0,295.0,21.0,69.0,45.0,21.0,56.0,725.0,52.0,13077.0,11720.0,11671.0,1933.0,24 DE MAYO,MANABI
137,2006,1,465,0.0,0.0,776.0,602.0,1193.0,26.0,550.0,3099.0,241.0,360.0,13.0,54.0,80.0,18.0,32.0,1750.0,20.0,1454.0,19.0,793.0,2809.0,238.0,464.0,11.0,54.0,107.0,14.0,23.0,1345.0,9.0,12828.0,12329.0,14776.0,1378.0,ROCAFUERTE,MANABI
138,2006,1,470,0.0,0.0,1397.0,1117.0,1342.0,28.0,1395.0,4318.0,755.0,366.0,17.0,98.0,84.0,36.0,69.0,1442.0,26.0,1544.0,17.0,1387.0,4030.0,580.0,381.0,28.0,75.0,50.0,28.0,39.0,1051.0,24.0,20368.0,18054.0,19210.0,2514.0,SANTA ANA,MANABI
139,2006,1,475,0.0,0.0,1277.0,1158.0,781.0,36.0,822.0,6255.0,669.0,1057.0,28.0,89.0,61.0,27.0,77.0,2122.0,32.0,941.0,28.0,1051.0,6194.0,457.0,1105.0,21.0,60.0,47.0,18.0,49.0,1444.0,36.0,21737.0,20684.0,23507.0,2435.0,SUCRE,MANABI
140,2006,1,476,0.0,0.0,399.0,338.0,74.0,4.0,353.0,760.0,63.0,143.0,11.0,21.0,10.0,5.0,14.0,443.0,9.0,82.0,5.0,389.0,679.0,42.0,130.0,1.0,13.0,8.0,3.0,7.0,343.0,5.0,4381.0,3810.0,3617.0,737.0,JAMA,MANABI
141,2006,1,477,0.0,0.0,429.0,440.0,125.0,8.0,198.0,2282.0,92.0,309.0,6.0,41.0,19.0,15.0,23.0,795.0,6.0,148.0,5.0,239.0,2124.0,78.0,387.0,12.0,32.0,16.0,10.0,26.0,616.0,5.0,7297.0,6830.0,7617.0,869.0,SAN VICENTE,MANABI
142,2006,1,480,0.0,0.0,2549.0,2375.0,1648.0,76.0,3157.0,10245.0,796.0,1369.0,53.0,282.0,82.0,67.0,132.0,5133.0,87.0,2048.0,70.0,3538.0,10887.0,663.0,1661.0,52.0,285.0,71.0,63.0,161.0,4570.0,76.0,47733.0,46463.0,47272.0,4924.0,CHONE,MANABI
143,2006,1,485,0.0,0.0,861.0,742.0,1010.0,16.0,968.0,2780.0,1007.0,1253.0,22.0,75.0,65.0,40.0,77.0,1419.0,16.0,1109.0,11.0,1118.0,2900.0,818.0,1123.0,16.0,51.0,39.0,31.0,64.0,1025.0,20.0,16501.0,15714.0,17073.0,1603.0,BOLIVAR,MANABI
144,2006,1,490,0.0,0.0,591.0,381.0,506.0,5.0,516.0,1718.0,536.0,220.0,13.0,60.0,24.0,12.0,36.0,654.0,14.0,522.0,4.0,509.0,1719.0,600.0,244.0,2.0,47.0,22.0,4.0,22.0,526.0,7.0,8804.0,7789.0,8542.0,972.0,JUNIN,MANABI
145,2006,1,495,0.0,0.0,1830.0,1218.0,3760.0,49.0,815.0,2503.0,377.0,453.0,36.0,231.0,66.0,41.0,104.0,1384.0,34.0,3214.0,24.0,916.0,2133.0,266.0,431.0,27.0,152.0,35.0,21.0,59.0,885.0,35.0,19572.0,16634.0,18051.0,3048.0,PAJAN,MANABI
146,2006,1,500,0.0,0.0,1646.0,1775.0,1158.0,55.0,1546.0,5619.0,472.0,1636.0,39.0,174.0,76.0,42.0,83.0,3655.0,43.0,1312.0,43.0,2171.0,4985.0,341.0,2062.0,50.0,131.0,70.0,35.0,60.0,2772.0,36.0,30216.0,27878.0,28666.0,3421.0,EL CARMEN,MANABI
147,2006,1,505,0.0,0.0,488.0,361.0,4743.0,15.0,671.0,1133.0,157.0,352.0,11.0,127.0,39.0,19.0,29.0,783.0,12.0,4798.0,10.0,1103.0,850.0,100.0,353.0,12.0,106.0,23.0,21.0,11.0,536.0,9.0,13847.0,12481.0,16023.0,849.0,EL TRIUNFO,GUAYAS
148,2006,1,510,0.0,0.0,550.0,362.0,3997.0,39.0,481.0,1396.0,183.0,326.0,21.0,94.0,65.0,15.0,42.0,819.0,13.0,3647.0,20.0,787.0,1260.0,153.0,368.0,16.0,46.0,69.0,5.0,30.0,578.0,5.0,12177.0,10911.0,14475.0,912.0,NARANJITO,GUAYAS
149,2006,1,515,0.0,0.0,2576.0,1840.0,13833.0,151.0,1457.0,6618.0,881.0,2422.0,79.0,449.0,137.0,86.0,287.0,3646.0,57.0,14956.0,119.0,2340.0,6155.0,743.0,2899.0,63.0,352.0,92.0,59.0,172.0,3344.0,40.0,48283.0,47691.0,61437.0,4416.0,BABAHOYO,LOS RIOS
150,2006,1,516,0.0,0.0,752.0,444.0,2112.0,22.0,230.0,1276.0,155.0,258.0,11.0,61.0,37.0,12.0,39.0,1639.0,16.0,1894.0,19.0,325.0,1019.0,103.0,261.0,14.0,53.0,32.0,8.0,21.0,1381.0,9.0,9927.0,8336.0,11007.0,1196.0,VALENCIA,LOS RIOS
151,2006,1,520,0.0,0.0,1252.0,909.0,4714.0,25.0,414.0,877.0,265.0,199.0,33.0,58.0,47.0,14.0,56.0,540.0,19.0,4239.0,16.0,602.0,690.0,193.0,227.0,17.0,49.0,26.0,15.0,42.0,404.0,13.0,12965.0,11104.0,13794.0,2161.0,BABA,LOS RIOS
152,2006,1,525,0.0,0.0,1673.0,1136.0,8955.0,82.0,1192.0,1884.0,344.0,753.0,27.0,218.0,67.0,44.0,93.0,1439.0,34.0,8457.0,54.0,1654.0,1692.0,293.0,772.0,20.0,150.0,29.0,25.0,56.0,1128.0,13.0,24740.0,22582.0,29475.0,2809.0,VINCES,LOS RIOS
153,2006,1,530,0.0,0.0,837.0,588.0,3856.0,28.0,405.0,782.0,255.0,277.0,19.0,71.0,51.0,17.0,74.0,515.0,12.0,3744.0,7.0,530.0,629.0,216.0,279.0,10.0,48.0,28.0,16.0,30.0,402.0,5.0,10720.0,9638.0,12306.0,1425.0,PUEBLO VIEJO,LOS RIOS
154,2006,1,535,0.0,0.0,619.0,462.0,3540.0,26.0,337.0,921.0,308.0,275.0,18.0,49.0,42.0,15.0,39.0,561.0,8.0,3466.0,15.0,501.0,735.0,257.0,299.0,15.0,35.0,25.0,10.0,17.0,430.0,18.0,10837.0,9878.0,11962.0,1081.0,URDANETA,LOS RIOS
155,2006,1,540,0.0,0.0,2746.0,2325.0,6973.0,374.0,2630.0,11176.0,1270.0,2808.0,94.0,567.0,265.0,93.0,210.0,8523.0,132.0,7310.0,259.0,4298.0,10944.0,906.0,3278.0,83.0,510.0,220.0,55.0,201.0,6708.0,69.0,61343.0,59926.0,69956.0,5071.0,QUEVEDO,LOS RIOS
156,2006,1,545,0.0,0.0,1374.0,1158.0,8332.0,31.0,711.0,2352.0,339.0,429.0,35.0,132.0,92.0,37.0,63.0,1191.0,16.0,8642.0,44.0,1005.0,1936.0,298.0,462.0,30.0,154.0,54.0,28.0,56.0,937.0,19.0,24508.0,23021.0,27425.0,2532.0,VENTANAS,LOS RIOS
157,2006,1,550,0.0,0.0,834.0,730.0,2670.0,19.0,492.0,2942.0,170.0,329.0,16.0,127.0,27.0,16.0,37.0,982.0,19.0,2910.0,18.0,566.0,2705.0,150.0,370.0,13.0,113.0,15.0,7.0,31.0,727.0,14.0,13194.0,12206.0,15485.0,1564.0,TOSAGUA,MANABI
158,2006,1,555,0.0,0.0,232.0,303.0,238.0,4.0,166.0,300.0,26.0,147.0,6.0,22.0,61.0,3.0,9.0,425.0,14.0,200.0,4.0,239.0,296.0,10.0,111.0,5.0,12.0,48.0,10.0,14.0,351.0,15.0,3538.0,3419.0,2736.0,535.0,PUCARA,AZUAY
159,2006,1,556,0.0,0.0,180.0,135.0,328.0,8.0,65.0,320.0,56.0,306.0,2.0,54.0,26.0,0.0,10.0,611.0,4.0,347.0,3.0,130.0,277.0,30.0,288.0,3.0,43.0,30.0,2.0,3.0,431.0,3.0,3042.0,2591.0,3380.0,315.0,CAMILO PONCE ENRIQUEZ,AZUAY
160,2006,1,560,0.0,0.0,1808.0,1869.0,784.0,228.0,1401.0,12260.0,1454.0,2625.0,53.0,1781.0,156.0,65.0,273.0,10551.0,88.0,1135.0,180.0,2794.0,14018.0,1396.0,3226.0,70.0,1985.0,135.0,49.0,235.0,10273.0,82.0,60645.0,64437.0,67297.0,3677.0,ESMERALDAS,ESMERALDAS
161,2006,1,561,0.0,0.0,519.0,458.0,102.0,14.0,145.0,990.0,253.0,258.0,8.0,305.0,32.0,12.0,21.0,823.0,9.0,91.0,15.0,193.0,807.0,203.0,220.0,10.0,222.0,29.0,16.0,20.0,557.0,11.0,8042.0,6142.0,5366.0,977.0,RIO VERDE,ESMERALDAS
162,2006,1,565,0.0,0.0,369.0,382.0,189.0,13.0,170.0,1443.0,216.0,507.0,23.0,308.0,235.0,14.0,22.0,599.0,11.0,227.0,20.0,227.0,1324.0,177.0,519.0,30.0,310.0,137.0,12.0,26.0,439.0,17.0,11271.0,9545.0,7215.0,751.0,ELOY ALFARO,ESMERALDAS
163,2006,1,570,0.0,0.0,120.0,111.0,66.0,4.0,45.0,223.0,28.0,144.0,0.0,72.0,22.0,9.0,6.0,172.0,1.0,62.0,0.0,62.0,195.0,20.0,124.0,11.0,61.0,12.0,1.0,2.0,84.0,4.0,8545.0,6752.0,1430.0,231.0,MUISNE,ESMERALDAS
164,2006,1,575,0.0,0.0,1909.0,1784.0,2353.0,51.0,831.0,6827.0,1108.0,1466.0,70.0,510.0,239.0,67.0,209.0,4825.0,56.0,2496.0,44.0,1336.0,5596.0,932.0,1469.0,48.0,344.0,131.0,41.0,105.0,3468.0,38.0,38497.0,32799.0,34660.0,3693.0,QUININDE,ESMERALDAS
165,2006,1,580,0.0,0.0,418.0,481.0,286.0,9.0,134.0,991.0,477.0,371.0,9.0,289.0,27.0,5.0,42.0,685.0,10.0,334.0,12.0,315.0,952.0,557.0,428.0,9.0,351.0,16.0,10.0,23.0,609.0,9.0,8370.0,8220.0,6960.0,899.0,SAN LORENZO,ESMERALDAS
166,2006,1,585,0.0,0.0,88.0,87.0,83.0,3.0,63.0,57.0,96.0,168.0,0.0,63.0,19.0,2.0,6.0,189.0,5.0,76.0,1.0,66.0,46.0,58.0,189.0,3.0,34.0,14.0,1.0,0.0,144.0,1.0,1232.0,1128.0,1387.0,175.0,CHILLA,EL ORO
167,2006,1,590,0.0,0.0,260.0,325.0,2531.0,7.0,130.0,706.0,56.0,561.0,10.0,118.0,195.0,7.0,37.0,1031.0,11.0,2749.0,10.0,235.0,706.0,53.0,586.0,10.0,144.0,187.0,9.0,32.0,848.0,17.0,10134.0,9820.0,10986.0,585.0,MORONA,MORONA SANTIAGO
168,2006,1,595,0.0,0.0,156.0,234.0,1150.0,4.0,54.0,132.0,6.0,308.0,9.0,51.0,146.0,8.0,11.0,420.0,4.0,1357.0,3.0,77.0,115.0,13.0,307.0,6.0,48.0,178.0,9.0,14.0,347.0,5.0,4919.0,4659.0,4782.0,390.0,GUALAQUIZA,MORONA SANTIAGO
169,2006,1,600,0.0,0.0,68.0,147.0,572.0,1.0,49.0,154.0,4.0,224.0,3.0,37.0,64.0,3.0,10.0,364.0,4.0,680.0,2.0,77.0,152.0,8.0,234.0,5.0,43.0,59.0,6.0,9.0,295.0,5.0,3692.0,3260.0,3064.0,215.0,LIMON INDANZA,MORONA SANTIAGO
170,2006,1,605,0.0,0.0,122.0,170.0,612.0,2.0,32.0,195.0,8.0,191.0,7.0,15.0,84.0,4.0,6.0,304.0,5.0,654.0,2.0,41.0,175.0,3.0,165.0,4.0,14.0,117.0,6.0,10.0,258.0,4.0,3011.0,2712.0,2918.0,292.0,SANTIAGO,MORONA SANTIAGO
171,2006,1,610,0.0,0.0,148.0,321.0,1386.0,1.0,51.0,266.0,5.0,196.0,5.0,30.0,96.0,8.0,11.0,451.0,14.0,1631.0,4.0,101.0,271.0,11.0,278.0,4.0,21.0,95.0,1.0,21.0,380.0,12.0,5885.0,5428.0,5350.0,469.0,SUCUA,MORONA SANTIAGO
172,2006,1,611,0.0,0.0,45.0,115.0,506.0,2.0,7.0,59.0,3.0,50.0,4.0,2.0,109.0,3.0,2.0,95.0,3.0,404.0,0.0,9.0,60.0,2.0,53.0,3.0,5.0,103.0,3.0,4.0,93.0,1.0,1905.0,1705.0,1585.0,160.0,LOGRONO,MORONA SANTIAGO
173,2006,1,615,0.0,0.0,65.0,93.0,491.0,0.0,13.0,114.0,3.0,153.0,1.0,16.0,79.0,0.0,2.0,211.0,2.0,463.0,3.0,25.0,126.0,5.0,146.0,4.0,12.0,100.0,1.0,2.0,156.0,3.0,2206.0,1859.0,2131.0,158.0,PALORA,MORONA SANTIAGO
174,2006,1,620,0.0,0.0,277.0,305.0,7860.0,13.0,259.0,475.0,21.0,351.0,12.0,57.0,122.0,6.0,25.0,1172.0,17.0,7850.0,23.0,302.0,420.0,19.0,404.0,19.0,58.0,161.0,5.0,33.0,930.0,18.0,14842.0,14685.0,20632.0,582.0,TENA,NAPO
175,2006,1,621,0.0,0.0,40.0,34.0,571.0,1.0,18.0,35.0,4.0,26.0,0.0,7.0,9.0,0.0,4.0,71.0,3.0,497.0,1.0,19.0,27.0,3.0,24.0,0.0,4.0,6.0,0.0,1.0,53.0,0.0,1044.0,901.0,1384.0,74.0,C. J. AROSEMENA TOLA,NAPO
176,2006,1,625,0.0,0.0,865.0,728.0,6437.0,20.0,299.0,2944.0,282.0,921.0,16.0,571.0,303.0,24.0,48.0,2714.0,23.0,6116.0,10.0,395.0,2134.0,180.0,759.0,10.0,402.0,252.0,18.0,31.0,1715.0,12.0,25612.0,20431.0,26636.0,1593.0,LAGO AGRIO,SUCUMBIOS
177,2006,1,626,0.0,0.0,125.0,107.0,474.0,4.0,64.0,241.0,58.0,138.0,1.0,109.0,14.0,0.0,3.0,218.0,4.0,386.0,2.0,67.0,132.0,24.0,64.0,3.0,60.0,17.0,1.0,3.0,92.0,3.0,2273.0,1508.0,2182.0,232.0,CUYABENO,SUCUMBIOS
178,2006,1,630,0.0,0.0,65.0,74.0,256.0,2.0,6.0,136.0,9.0,220.0,3.0,3.0,23.0,1.0,5.0,92.0,3.0,165.0,3.0,11.0,133.0,2.0,138.0,2.0,9.0,14.0,1.0,4.0,46.0,1.0,1393.0,1173.0,1288.0,139.0,AGUARICO,ORELLANA
179,2006,1,635,0.0,0.0,34.0,32.0,605.0,3.0,43.0,192.0,2.0,108.0,2.0,22.0,17.0,0.0,14.0,223.0,1.0,685.0,3.0,53.0,148.0,0.0,94.0,3.0,19.0,28.0,4.0,5.0,161.0,1.0,1840.0,1730.0,2436.0,66.0,QUIJOS,NAPO
180,2006,1,640,0.0,0.0,32.0,75.0,43.0,1.0,33.0,146.0,10.0,219.0,0.0,6.0,38.0,2.0,2.0,283.0,0.0,40.0,0.0,35.0,126.0,6.0,182.0,2.0,8.0,39.0,0.0,5.0,208.0,1.0,1121.0,992.0,1435.0,107.0,SUCUMBIOS,SUCUMBIOS
181,2006,1,645,0.0,0.0,606.0,512.0,5339.0,25.0,191.0,1869.0,70.0,499.0,22.0,259.0,260.0,17.0,64.0,1500.0,25.0,4553.0,21.0,228.0,1315.0,59.0,378.0,21.0,141.0,189.0,22.0,39.0,847.0,16.0,16488.0,12799.0,17969.0,1118.0,FCO.DE ORELLANA,ORELLANA
182,2006,1,650,0.0,0.0,124.0,158.0,287.0,3.0,14.0,250.0,58.0,86.0,3.0,24.0,123.0,3.0,7.0,225.0,0.0,214.0,2.0,21.0,150.0,68.0,46.0,2.0,8.0,91.0,2.0,4.0,118.0,0.0,2103.0,1631.0,1809.0,282.0,PUTUMAYO,SUCUMBIOS
183,2006,1,655,0.0,0.0,149.0,223.0,896.0,8.0,263.0,1132.0,33.0,457.0,4.0,97.0,290.0,6.0,109.0,1229.0,14.0,1005.0,7.0,334.0,1090.0,29.0,522.0,2.0,74.0,292.0,4.0,111.0,989.0,15.0,8080.0,7588.0,9012.0,372.0,ZAMORA,ZAMORA CHINCHIPE
184,2006,1,660,0.0,0.0,109.0,108.0,111.0,6.0,299.0,304.0,3.0,296.0,4.0,11.0,18.0,4.0,79.0,465.0,8.0,154.0,2.0,288.0,288.0,8.0,256.0,1.0,12.0,26.0,1.0,63.0,328.0,2.0,2722.0,2378.0,3037.0,217.0,CHINCHIPE,ZAMORA CHINCHIPE
185,2006,1,661,0.0,0.0,128.0,158.0,388.0,4.0,83.0,292.0,11.0,158.0,4.0,19.0,19.0,4.0,70.0,412.0,4.0,326.0,3.0,77.0,211.0,10.0,127.0,8.0,20.0,21.0,6.0,60.0,240.0,2.0,2488.0,1936.0,2579.0,286.0,PALANDA,ZAMORA CHINCHIPE
186,2006,1,665,0.0,0.0,76.0,132.0,91.0,1.0,101.0,122.0,2.0,27.0,1.0,24.0,318.0,1.0,6.0,285.0,0.0,90.0,0.0,88.0,150.0,4.0,22.0,0.0,12.0,297.0,1.0,25.0,206.0,1.0,1606.0,1513.0,1875.0,208.0,YACUAMBI,ZAMORA CHINCHIPE
187,2006,1,670,0.0,0.0,169.0,151.0,1402.0,4.0,66.0,502.0,10.0,179.0,3.0,39.0,167.0,3.0,32.0,465.0,6.0,1562.0,3.0,98.0,452.0,4.0,160.0,7.0,22.0,159.0,7.0,27.0,327.0,1.0,5551.0,5109.0,5707.0,320.0,YANZATZA,ZAMORA CHINCHIPE
188,2006,1,675,0.0,0.0,589.0,353.0,1917.0,16.0,200.0,448.0,70.0,101.0,9.0,23.0,10.0,12.0,26.0,376.0,7.0,1946.0,6.0,235.0,418.0,72.0,105.0,9.0,19.0,8.0,4.0,12.0,259.0,3.0,5266.0,4656.0,6311.0,942.0,PALESTINA,GUAYAS
189,2006,1,680,0.0,0.0,350.0,398.0,3570.0,19.0,245.0,1556.0,50.0,1146.0,34.0,117.0,358.0,19.0,196.0,2620.0,19.0,4086.0,25.0,362.0,1361.0,32.0,1259.0,29.0,96.0,307.0,28.0,181.0,2134.0,34.0,16378.0,15760.0,19883.0,748.0,PASTAZA,PASTAZA
190,2006,1,685,0.0,0.0,50.0,52.0,549.0,1.0,68.0,230.0,8.0,152.0,2.0,33.0,30.0,5.0,28.0,452.0,2.0,774.0,3.0,103.0,254.0,7.0,175.0,6.0,46.0,21.0,4.0,36.0,346.0,4.0,2462.0,2665.0,3339.0,102.0,MERA,PASTAZA
191,2006,1,690,0.0,0.0,97.0,135.0,67.0,13.0,336.0,388.0,110.0,489.0,4.0,70.0,17.0,1.0,49.0,878.0,5.0,66.0,2.0,391.0,363.0,85.0,603.0,2.0,92.0,11.0,2.0,29.0,696.0,5.0,4199.0,3969.0,4774.0,232.0,PORTOVELO,EL ORO
192,2006,1,695,0.0,0.0,416.0,457.0,506.0,46.0,262.0,2426.0,264.0,1152.0,16.0,139.0,55.0,12.0,38.0,2985.0,23.0,650.0,36.0,418.0,2387.0,281.0,1517.0,61.0,102.0,71.0,14.0,58.0,2417.0,16.0,12240.0,12369.0,15952.0,873.0,HUAQUILLAS,EL ORO
193,2006,1,700,0.0,0.0,183.0,204.0,3542.0,8.0,102.0,189.0,6.0,95.0,7.0,57.0,129.0,2.0,23.0,381.0,11.0,3478.0,14.0,89.0,164.0,4.0,100.0,12.0,42.0,165.0,3.0,25.0,289.0,7.0,6719.0,6628.0,8944.0,387.0,ARCHIDONA,NAPO
194,2006,1,705,0.0,0.0,87.0,84.0,41.0,3.0,424.0,192.0,26.0,351.0,3.0,17.0,6.0,4.0,4.0,486.0,2.0,47.0,0.0,399.0,142.0,27.0,401.0,2.0,13.0,9.0,0.0,8.0,397.0,2.0,2754.0,2416.0,3006.0,171.0,ATAHUALPA,EL ORO
195,2006,1,710,0.0,0.0,263.0,243.0,3007.0,19.0,145.0,681.0,80.0,227.0,7.0,54.0,34.0,12.0,12.0,401.0,2.0,3057.0,15.0,198.0,645.0,77.0,220.0,5.0,56.0,12.0,5.0,13.0,378.0,1.0,7387.0,7107.0,9363.0,506.0,MONTALVO,LOS RIOS
196,2006,1,715,0.0,0.0,1245.0,985.0,4485.0,30.0,627.0,2139.0,161.0,300.0,31.0,174.0,39.0,30.0,52.0,846.0,23.0,4140.0,15.0,835.0,1742.0,127.0,331.0,26.0,169.0,28.0,20.0,58.0,596.0,18.0,14581.0,13215.0,17042.0,2230.0,PEDRO CARBO,GUAYAS
197,2006,1,720,0.0,0.0,376.0,312.0,4468.0,7.0,83.0,920.0,119.0,212.0,6.0,80.0,93.0,11.0,18.0,602.0,9.0,3785.0,9.0,100.0,605.0,76.0,125.0,6.0,63.0,58.0,1.0,4.0,296.0,6.0,11276.0,8481.0,11762.0,688.0,SHUSHUFINDI,SUCUMBIOS
198,2006,1,725,0.0,0.0,378.0,257.0,3667.0,12.0,59.0,630.0,24.0,136.0,16.0,198.0,114.0,9.0,19.0,642.0,5.0,3164.0,10.0,71.0,432.0,13.0,108.0,11.0,131.0,78.0,5.0,16.0,375.0,5.0,8730.0,6774.0,9950.0,635.0,JOYA DE LOS SACHAS,ORELLANA
199,2006,1,730,0.0,0.0,160.0,133.0,269.0,31.0,186.0,257.0,36.0,163.0,3.0,9.0,6.0,4.0,5.0,430.0,0.0,284.0,25.0,188.0,229.0,32.0,139.0,1.0,1.0,4.0,2.0,8.0,297.0,1.0,2648.0,2438.0,2610.0,293.0,PINDAL,LOJA
200,2006,1,735,0.0,0.0,431.0,710.0,485.0,85.0,967.0,2934.0,413.0,978.0,19.0,79.0,42.0,23.0,45.0,1288.0,13.0,627.0,81.0,1334.0,2530.0,313.0,1045.0,14.0,97.0,26.0,13.0,48.0,882.0,15.0,10420.0,10105.0,14396.0,1141.0,PLAYAS,GUAYAS
201,2006,1,740,0.0,0.0,73.0,67.0,135.0,46.0,40.0,134.0,16.0,95.0,3.0,9.0,4.0,4.0,9.0,218.0,16.0,156.0,40.0,60.0,105.0,12.0,78.0,0.0,10.0,9.0,2.0,11.0,152.0,10.0,1888.0,1784.0,1374.0,140.0,QUILANGA,LOJA
202,2006,1,745,0.0,0.0,71.0,114.0,984.0,2.0,22.0,200.0,42.0,67.0,0.0,33.0,147.0,4.0,5.0,164.0,1.0,805.0,3.0,29.0,135.0,41.0,46.0,1.0,14.0,137.0,3.0,4.0,119.0,1.0,2753.0,2260.0,3009.0,185.0,CASCALES,SUCUMBIOS
203,2006,1,750,0.0,0.0,723.0,383.0,2111.0,24.0,146.0,576.0,191.0,105.0,10.0,61.0,21.0,17.0,35.0,396.0,10.0,1826.0,13.0,174.0,445.0,168.0,115.0,19.0,43.0,20.0,17.0,21.0,282.0,10.0,7368.0,6085.0,6856.0,1106.0,PALENQUE,LOS RIOS
204,2006,1,755,0.0,0.0,132.0,111.0,84.0,2.0,246.0,200.0,162.0,144.0,0.0,8.0,6.0,1.0,3.0,393.0,4.0,85.0,0.0,265.0,159.0,126.0,150.0,0.0,4.0,9.0,1.0,3.0,298.0,0.0,2198.0,1887.0,2353.0,243.0,LAS LAJAS,EL ORO
205,2006,1,760,0.0,0.0,242.0,218.0,2157.0,5.0,152.0,358.0,15.0,109.0,3.0,17.0,33.0,1.0,15.0,336.0,10.0,1994.0,7.0,215.0,300.0,8.0,115.0,6.0,16.0,21.0,3.0,16.0,283.0,7.0,5193.0,4863.0,6202.0,460.0,CALUMA,BOLIVAR
206,2006,1,765,0.0,0.0,99.0,170.0,252.0,4.0,39.0,290.0,15.0,140.0,4.0,93.0,252.0,2.0,7.0,282.0,3.0,378.0,7.0,57.0,300.0,12.0,238.0,4.0,126.0,338.0,6.0,11.0,307.0,4.0,3436.0,3572.0,3171.0,269.0,EL TAMBO,CANAR
207,2006,1,770,0.0,0.0,130.0,104.0,160.0,7.0,196.0,429.0,30.0,468.0,4.0,23.0,27.0,4.0,13.0,648.0,9.0,147.0,1.0,250.0,351.0,19.0,476.0,3.0,17.0,20.0,1.0,13.0,495.0,3.0,3479.0,2948.0,3814.0,234.0,SAN MIGUEL DE LOS BANCOS,PICHINCHA
208,2006,1,775,0.0,0.0,74.0,96.0,782.0,1.0,32.0,62.0,3.0,49.0,3.0,23.0,52.0,4.0,14.0,148.0,1.0,871.0,2.0,47.0,67.0,1.0,43.0,2.0,17.0,65.0,3.0,16.0,107.0,3.0,2527.0,2383.0,2418.0,170.0,EL PANGUI,ZAMORA CHINCHIPE
209,2006,1,780,0.0,0.0,49.0,101.0,124.0,1.0,38.0,117.0,7.0,62.0,0.0,11.0,36.0,2.0,1.0,155.0,1.0,173.0,2.0,80.0,99.0,4.0,91.0,2.0,16.0,78.0,3.0,8.0,145.0,4.0,1182.0,1577.0,1260.0,150.0,OÑA,AZUAY
210,2006,1,785,0.0,0.0,547.0,432.0,120.0,11.0,671.0,1684.0,227.0,543.0,8.0,157.0,32.0,17.0,92.0,1414.0,12.0,157.0,11.0,984.0,1487.0,199.0,471.0,6.0,103.0,27.0,7.0,19.0,1171.0,8.0,9465.0,8332.0,9638.0,979.0,ATACAMES,ESMERALDAS
211,2006,1,790,0.0,0.0,421.0,347.0,1542.0,6.0,427.0,1215.0,227.0,163.0,12.0,24.0,17.0,13.0,13.0,351.0,11.0,1553.0,9.0,577.0,964.0,214.0,141.0,3.0,32.0,21.0,10.0,10.0,231.0,8.0,6655.0,5832.0,7794.0,768.0,SIMON BOLIVAR,GUAYAS
212,2006,1,795,0.0,0.0,83.0,152.0,628.0,2.0,2.0,30.0,2.0,56.0,1.0,34.0,80.0,2.0,3.0,73.0,2.0,526.0,2.0,3.0,43.0,2.0,43.0,1.0,10.0,70.0,7.0,6.0,51.0,3.0,1772.0,1674.0,1682.0,235.0,HUAMBOYA,MORONA SANTIAGO
213,2006,1,796,0.0,0.0,23.0,43.0,162.0,1.0,1.0,49.0,0.0,7.0,0.0,3.0,37.0,0.0,0.0,57.0,0.0,129.0,0.0,3.0,32.0,1.0,9.0,0.0,1.0,25.0,1.0,0.0,59.0,1.0,484.0,397.0,578.0,66.0,PABLO SEXTO,MORONA SANTIAGO
214,2006,1,797,0.0,0.0,62.0,136.0,457.0,1.0,2.0,21.0,1.0,8.0,3.0,7.0,148.0,1.0,2.0,76.0,2.0,351.0,3.0,8.0,19.0,0.0,6.0,14.0,8.0,92.0,3.0,5.0,26.0,2.0,1505.0,1340.0,1266.0,198.0,TIWINZA,MORONA SANTIAGO
215,2006,1,800,0.0,0.0,62.0,25.0,52.0,5.0,352.0,209.0,17.0,161.0,7.0,9.0,15.0,1.0,7.0,725.0,2.0,53.0,2.0,427.0,178.0,12.0,199.0,0.0,1.0,8.0,1.0,2.0,610.0,5.0,2304.0,2089.0,3060.0,87.0,SAN CRISTOBAL,GALAPAGOS
216,2006,1,805,0.0,0.0,78.0,58.0,65.0,2.0,295.0,406.0,18.0,485.0,2.0,18.0,25.0,1.0,14.0,1189.0,5.0,67.0,0.0,324.0,362.0,14.0,533.0,0.0,13.0,22.0,2.0,6.0,912.0,2.0,3546.0,3049.0,4782.0,136.0,SANTA CRUZ,GALAPAGOS
217,2006,1,810,0.0,0.0,11.0,8.0,12.0,0.0,159.0,83.0,1.0,45.0,0.0,0.0,7.0,0.0,0.0,183.0,0.0,15.0,1.0,147.0,63.0,1.0,61.0,1.0,0.0,5.0,0.0,0.0,98.0,1.0,627.0,522.0,883.0,19.0,ISABELA,GALAPAGOS
218,2006,1,815,0.0,0.0,139.0,133.0,254.0,102.0,192.0,271.0,31.0,107.0,5.0,23.0,33.0,5.0,15.0,427.0,7.0,309.0,98.0,192.0,241.0,32.0,78.0,3.0,8.0,21.0,2.0,9.0,316.0,6.0,3157.0,2801.0,2787.0,272.0,CHAGUARPAMBA,LOJA
219,2006,1,820,0.0,0.0,1125.0,1152.0,2154.0,193.0,3760.0,11943.0,1225.0,2376.0,58.0,198.0,126.0,50.0,313.0,7078.0,44.0,2440.0,134.0,5680.0,12123.0,1617.0,2944.0,63.0,238.0,96.0,54.0,267.0,5557.0,30.0,43209.0,45885.0,60761.0,2277.0,DURAN,GUAYAS
220,2006,1,825,0.0,0.0,423.0,412.0,4497.0,28.0,106.0,854.0,119.0,372.0,11.0,172.0,277.0,6.0,24.0,893.0,7.0,4633.0,20.0,149.0,675.0,79.0,371.0,10.0,144.0,237.0,9.0,20.0,669.0,9.0,11747.0,11063.0,14391.0,835.0,LA MANA,COTOPAXI
221,2006,1,830,0.0,0.0,221.0,229.0,1084.0,12.0,59.0,372.0,28.0,131.0,6.0,32.0,141.0,9.0,12.0,239.0,8.0,1149.0,6.0,74.0,285.0,21.0,132.0,11.0,24.0,136.0,7.0,14.0,158.0,6.0,4259.0,4115.0,4156.0,450.0,PALLATANGA,CHIMBORAZO
222,2006,1,835,0.0,0.0,596.0,422.0,2356.0,16.0,278.0,955.0,202.0,179.0,12.0,34.0,21.0,9.0,30.0,370.0,9.0,2430.0,9.0,408.0,817.0,189.0,240.0,9.0,43.0,10.0,9.0,16.0,248.0,5.0,7592.0,6729.0,8904.0,1018.0,A.BAQUERIZO MORENO,GUAYAS
223,2006,1,840,0.0,0.0,1556.0,1017.0,2853.0,24.0,764.0,1426.0,553.0,211.0,17.0,103.0,45.0,30.0,43.0,646.0,21.0,2812.0,37.0,662.0,1120.0,330.0,154.0,29.0,76.0,19.0,9.0,26.0,380.0,17.0,15532.0,13087.0,12407.0,2573.0,PICHINCHA,MANABI
224,2006,1,845,0.0,0.0,42.0,56.0,376.0,4.0,50.0,753.0,24.0,238.0,4.0,6.0,40.0,3.0,16.0,516.0,2.0,506.0,3.0,68.0,726.0,29.0,249.0,2.0,4.0,44.0,4.0,20.0,291.0,37.0,3020.0,2999.0,4015.0,98.0,CEVALLOS,TUNGURAHUA
225,2006,1,850,0.0,0.0,77.0,109.0,520.0,6.0,75.0,527.0,15.0,211.0,4.0,12.0,37.0,4.0,8.0,418.0,8.0,651.0,8.0,101.0,484.0,8.0,191.0,1.0,10.0,30.0,4.0,10.0,299.0,4.0,2861.0,2934.0,3646.0,186.0,MOCHA,TUNGURAHUA
226,2006,1,855,0.0,0.0,48.0,83.0,56.0,1.0,109.0,141.0,6.0,112.0,2.0,15.0,12.0,1.0,0.0,257.0,3.0,92.0,0.0,218.0,216.0,7.0,155.0,3.0,18.0,16.0,5.0,3.0,283.0,1.0,1811.0,1931.0,1732.0,131.0,SAN FERNANDO,AZUAY
227,2006,1,860,0.0,0.0,106.0,91.0,97.0,2.0,91.0,193.0,40.0,147.0,5.0,3.0,7.0,4.0,3.0,461.0,3.0,123.0,1.0,120.0,163.0,34.0,174.0,3.0,5.0,5.0,3.0,4.0,374.0,2.0,2164.0,1972.0,2067.0,197.0,MARCABELI,EL ORO
228,2006,1,865,0.0,0.0,88.0,72.0,915.0,6.0,26.0,167.0,34.0,65.0,2.0,16.0,48.0,5.0,4.0,214.0,5.0,793.0,7.0,22.0,128.0,20.0,72.0,0.0,13.0,46.0,3.0,5.0,137.0,4.0,2436.0,1925.0,2757.0,160.0,GONZALO PIZARRO,SUCUMBIOS
229,2006,1,870,0.0,0.0,1036.0,761.0,5542.0,17.0,531.0,763.0,132.0,127.0,19.0,71.0,46.0,29.0,66.0,457.0,14.0,5386.0,20.0,783.0,792.0,135.0,144.0,7.0,68.0,14.0,16.0,27.0,334.0,7.0,12904.0,11452.0,15547.0,1797.0,SANTA LUCIA,GUAYAS
230,2006,1,875,0.0,0.0,102.0,99.0,105.0,19.0,79.0,224.0,59.0,165.0,5.0,7.0,10.0,4.0,10.0,740.0,2.0,106.0,15.0,125.0,193.0,49.0,208.0,1.0,10.0,7.0,4.0,4.0,658.0,1.0,2452.0,2201.0,2810.0,201.0,BALSAS,EL ORO
231,2006,1,880,0.0,0.0,58.0,20.0,519.0,0.0,6.0,71.0,3.0,30.0,3.0,11.0,10.0,3.0,9.0,202.0,1.0,514.0,0.0,12.0,68.0,3.0,28.0,1.0,7.0,6.0,3.0,8.0,135.0,1.0,1227.0,1050.0,1654.0,78.0,SANTA CLARA,PASTAZA
232,2006,1,881,0.0,0.0,53.0,81.0,515.0,3.0,11.0,87.0,2.0,43.0,3.0,14.0,65.0,4.0,9.0,122.0,7.0,456.0,7.0,19.0,65.0,13.0,42.0,5.0,12.0,42.0,0.0,9.0,68.0,7.0,1548.0,1361.0,1630.0,134.0,ARAJUNO,PASTAZA
233,2006,1,885,0.0,0.0,283.0,529.0,571.0,7.0,126.0,228.0,19.0,375.0,8.0,62.0,457.0,13.0,15.0,543.0,12.0,626.0,11.0,197.0,195.0,36.0,358.0,13.0,61.0,525.0,23.0,22.0,418.0,15.0,5326.0,5428.0,4936.0,812.0,NABON,AZUAY
234,2006,1,890,0.0,0.0,171.0,132.0,1210.0,29.0,226.0,528.0,113.0,346.0,13.0,28.0,10.0,6.0,67.0,458.0,3.0,981.0,14.0,292.0,478.0,97.0,352.0,12.0,14.0,8.0,6.0,20.0,297.0,4.0,4820.0,4160.0,5612.0,303.0,CRNL MARCELINO MARIDUENAS,GUAYAS
235,2006,1,895,0.0,0.0,135.0,128.0,147.0,1.0,77.0,496.0,21.0,434.0,1.0,17.0,15.0,9.0,12.0,688.0,3.0,159.0,2.0,124.0,418.0,15.0,385.0,6.0,18.0,21.0,6.0,9.0,541.0,0.0,3437.0,2934.0,3625.0,263.0,PEDRO VICENTE MALDONADO,PICHINCHA
236,2006,1,896,0.0,0.0,211.0,192.0,468.0,4.0,130.0,655.0,57.0,451.0,5.0,29.0,26.0,4.0,15.0,688.0,7.0,499.0,0.0,166.0,493.0,32.0,354.0,6.0,30.0,22.0,3.0,21.0,481.0,6.0,4328.0,3673.0,4652.0,403.0,PUERTO QUITO,PICHINCHA
237,2006,1,900,0.0,0.0,189.0,193.0,1468.0,6.0,104.0,355.0,26.0,118.0,7.0,18.0,55.0,4.0,15.0,281.0,5.0,1541.0,6.0,121.0,286.0,23.0,121.0,3.0,19.0,60.0,4.0,9.0,195.0,5.0,4354.0,4237.0,4855.0,382.0,CUMANDA,CHIMBORAZO
238,2006,1,905,0.0,0.0,67.0,120.0,153.0,0.0,58.0,85.0,6.0,81.0,2.0,8.0,65.0,4.0,4.0,243.0,4.0,309.0,3.0,130.0,102.0,10.0,143.0,6.0,11.0,100.0,3.0,11.0,313.0,3.0,3775.0,4277.0,1857.0,187.0,DELEG,CANAR
239,2006,1,910,0.0,0.0,1274.0,1053.0,363.0,11.0,805.0,3407.0,227.0,272.0,16.0,50.0,41.0,36.0,52.0,1094.0,19.0,406.0,14.0,804.0,3200.0,286.0,240.0,28.0,43.0,30.0,26.0,43.0,725.0,20.0,14767.0,12662.0,12258.0,2327.0,PEDERNALES,MANABI
240,2006,1,915,0.0,0.0,159.0,313.0,499.0,5.0,60.0,180.0,14.0,237.0,1.0,57.0,24.0,5.0,18.0,458.0,10.0,814.0,2.0,106.0,225.0,13.0,332.0,5.0,67.0,37.0,8.0,16.0,556.0,12.0,4112.0,4462.0,3761.0,472.0,CHORDELEG,AZUAY
241,2006,1,920,0.0,0.0,511.0,361.0,742.0,15.0,493.0,1135.0,151.0,175.0,6.0,60.0,9.0,13.0,16.0,367.0,12.0,700.0,4.0,660.0,979.0,186.0,181.0,5.0,70.0,6.0,4.0,13.0,247.0,3.0,4873.0,4509.0,6252.0,872.0,LOMAS DE SARGENTILLO,GUAYAS
242,2006,1,925,0.0,0.0,61.0,68.0,121.0,1.0,10.0,63.0,0.0,60.0,4.0,32.0,36.0,1.0,5.0,142.0,5.0,144.0,1.0,29.0,77.0,4.0,56.0,1.0,19.0,19.0,1.0,5.0,131.0,2.0,1085.0,963.0,969.0,129.0,SAN JUAN BOSCO,MORONA SANTIAGO
243,2006,1,926,0.0,0.0,200.0,201.0,525.0,5.0,9.0,47.0,10.0,45.0,2.0,20.0,411.0,6.0,4.0,111.0,4.0,315.0,5.0,14.0,32.0,5.0,22.0,4.0,13.0,357.0,7.0,3.0,47.0,5.0,3501.0,3260.0,2028.0,401.0,TAISHA,MORONA SANTIAGO
244,2006,1,930,0.0,0.0,455.0,535.0,1258.0,14.0,56.0,380.0,50.0,202.0,12.0,97.0,232.0,11.0,30.0,993.0,12.0,1431.0,16.0,96.0,275.0,39.0,203.0,24.0,75.0,220.0,31.0,41.0,744.0,8.0,7116.0,7117.0,6550.0,990.0,SIGCHOS,COTOPAXI
245,2006,1,935,0.0,0.0,79.0,163.0,2096.0,6.0,9.0,165.0,5.0,50.0,1.0,34.0,94.0,3.0,4.0,157.0,3.0,1386.0,9.0,22.0,144.0,8.0,36.0,7.0,33.0,141.0,8.0,15.0,93.0,3.0,3941.0,3297.0,4532.0,242.0,LORETO,ORELLANA
246,2006,1,940,0.0,0.0,360.0,223.0,886.0,13.0,446.0,1070.0,371.0,118.0,2.0,49.0,8.0,40.0,17.0,437.0,0.0,871.0,4.0,669.0,986.0,359.0,129.0,4.0,72.0,8.0,4.0,9.0,313.0,1.0,5147.0,4905.0,6886.0,583.0,NOBOL / PIEDRAHITA,GUAYAS
247,2006,1,945,0.0,0.0,1348.0,940.0,4247.0,34.0,485.0,2206.0,692.0,480.0,28.0,207.0,64.0,34.0,69.0,1207.0,19.0,4077.0,31.0,641.0,1999.0,553.0,467.0,29.0,147.0,69.0,17.0,48.0,845.0,18.0,17469.0,16147.0,18713.0,2288.0,BUENA FE,LOS RIOS
248,2006,1,946,0.0,0.0,802.0,553.0,2901.0,23.0,594.0,1068.0,140.0,145.0,22.0,43.0,31.0,10.0,34.0,665.0,5.0,2796.0,17.0,687.0,895.0,116.0,152.0,18.0,32.0,13.0,8.0,23.0,421.0,6.0,10413.0,9140.0,10865.0,1355.0,MOCACHE,LOS RIOS
249,2006,1,950,0.0,0.0,131.0,126.0,796.0,12.0,91.0,133.0,8.0,32.0,0.0,10.0,34.0,0.0,4.0,137.0,1.0,728.0,1.0,86.0,102.0,5.0,31.0,4.0,6.0,23.0,4.0,5.0,102.0,2.0,2193.0,1917.0,2357.0,257.0,LAS NAVES,BOLIVAR
250,2006,1,955,0.0,0.0,100.0,110.0,473.0,2.0,67.0,158.0,8.0,117.0,1.0,8.0,14.0,1.0,8.0,312.0,2.0,532.0,2.0,81.0,125.0,7.0,137.0,0.0,7.0,20.0,3.0,4.0,305.0,2.0,2372.0,2225.0,2396.0,210.0,SEVILLA DE ORO,AZUAY
251,2006,1,960,0.0,0.0,35.0,67.0,73.0,0.0,86.0,113.0,6.0,64.0,0.0,3.0,3.0,0.0,0.0,232.0,1.0,90.0,1.0,138.0,107.0,4.0,87.0,1.0,4.0,2.0,0.0,2.0,268.0,0.0,1409.0,1398.0,1285.0,102.0,EL PAN,AZUAY
252,2006,1,965,0.0,0.0,800.0,967.0,346.0,65.0,1135.0,11729.0,363.0,2308.0,80.0,172.0,93.0,35.0,116.0,2329.0,40.0,445.0,60.0,1740.0,12363.0,349.0,2530.0,82.0,190.0,116.0,32.0,59.0,1623.0,52.0,24923.0,25606.0,38452.0,1767.0,LA LIBERTAD,GUAYAS
253,2006,1,970,0.0,0.0,553.0,492.0,686.0,7.0,230.0,650.0,102.0,83.0,5.0,22.0,15.0,9.0,16.0,457.0,8.0,709.0,9.0,223.0,573.0,72.0,80.0,8.0,11.0,12.0,6.0,17.0,239.0,9.0,4983.0,4200.0,4258.0,1045.0,OLMEDO,MANABI
254,2006,1,975,0.0,0.0,468.0,361.0,181.0,9.0,559.0,2041.0,77.0,415.0,8.0,32.0,158.0,17.0,14.0,801.0,5.0,145.0,37.0,649.0,1766.0,97.0,374.0,15.0,28.0,91.0,10.0,42.0,443.0,4.0,6251.0,5517.0,8018.0,829.0,PUERTO LOPEZ,MANABI
255,2006,1,980,0.0,0.0,50.0,62.0,540.0,0.0,54.0,209.0,13.0,80.0,1.0,29.0,49.0,1.0,13.0,184.0,6.0,612.0,0.0,42.0,165.0,12.0,83.0,0.0,28.0,48.0,1.0,10.0,133.0,2.0,2217.0,1991.0,2315.0,112.0,CENTINELA DEL CONDOR,ZAMORA CHINCHIPE
256,2006,1,981,0.0,0.0,36.0,54.0,262.0,2.0,16.0,48.0,3.0,27.0,0.0,8.0,61.0,0.0,3.0,100.0,2.0,271.0,0.0,23.0,42.0,1.0,24.0,0.0,2.0,55.0,1.0,6.0,63.0,0.0,866.0,784.0,1020.0,90.0,PAQUISHA,ZAMORA CHINCHIPE
257,2006,1,985,0.0,0.0,131.0,168.0,891.0,10.0,232.0,389.0,44.0,106.0,7.0,42.0,18.0,1.0,24.0,290.0,6.0,924.0,6.0,260.0,342.0,27.0,123.0,2.0,33.0,6.0,4.0,21.0,186.0,1.0,3509.0,3227.0,3995.0,299.0,GRAL. A. ELIZALDE,GUAYAS
258,2006,1,986,0.0,0.0,348.0,204.0,428.0,5.0,268.0,792.0,51.0,79.0,6.0,33.0,4.0,8.0,6.0,205.0,3.0,475.0,4.0,373.0,608.0,49.0,85.0,3.0,37.0,4.0,3.0,6.0,103.0,3.0,2875.0,2571.0,3641.0,552.0,ISIDRO AYORA,GUAYAS
259,2006,1,990,0.0,0.0,26.0,47.0,119.0,1.0,51.0,120.0,3.0,63.0,3.0,4.0,8.0,1.0,4.0,221.0,3.0,208.0,2.0,75.0,112.0,3.0,60.0,0.0,5.0,13.0,1.0,10.0,222.0,2.0,1224.0,1311.0,1314.0,73.0,GUACHAPALA,AZUAY
260,2006,1,995,0.0,0.0,99.0,99.0,96.0,5.0,53.0,635.0,21.0,317.0,2.0,11.0,64.0,2.0,29.0,705.0,5.0,152.0,3.0,114.0,636.0,17.0,354.0,2.0,12.0,48.0,4.0,40.0,525.0,4.0,2803.0,2798.0,3856.0,198.0,SAN PEDRO DE HUACA,CARCHI
